PC1,PC2,PC4,PC5,PC6,PC7,PC8,PC9,PC10,PC11,PC12,PC13,PC14,PC15,PC16,condition
-0.0392334419085663,-0.2537884516638005,-0.7008991382100686,0.3011112080633228,-0.8399614975841352,0.688525796386154,-0.8108773983046994,0.1568605136491033,-0.2077669484774876,1.4319957818861584,0.3529718290173476,0.6141941228360402,0.3818264005302035,-0.0382884855737462,-0.1457956677576267,0
-1.1416272665390583,-0.809808030873749,0.3442833050933953,0.1968936368091688,-0.0991723413829743,-0.798856133232452,-0.4735597822649644,-0.3362095791005264,0.2582903271658786,-0.1006959991191469,-0.55541989727326,-0.6486377582985363,0.670350218072143,0.2264739537314285,0.1000754801136353,1
-1.868282123717719,-0.3230531793744173,0.1428624351107601,0.0527726443424571,0.1596030252657088,0.0794438269580171,-0.003839187767755,-0.0696805360161312,0.8517980090953876,-0.24221248669228,0.0148115240375743,0.0079625921551393,-0.2956522727275827,0.0840535991278275,-0.1712738771690128,1
0.902116001191199,0.6101997075878036,-0.6179782184658832,0.3424869278894887,-0.3820838050653967,-0.4332673002898122,0.0382614046438272,-0.5073930035679668,0.1692201924303991,0.9912551105734808,-0.3743631157400446,-0.2488374733619049,-0.5619274883321066,-0.2840557206826852,0.2409648543437799,0
1.2988175947612914,-0.8845145310054251,0.4697962530501528,0.3417912105440693,0.3235188456575735,0.3063271079618581,0.1188229427250556,0.8029298605675796,0.0278266420845437,-0.0513464154982481,-0.1749167603094957,0.0677256791682103,-0.0169324961658091,-0.18700253695358,0.0611937511878069,0
1.1856490986772688,0.8534572102525693,0.2496840262023717,0.4227115480640678,0.2286703919039867,-0.2702610412507689,-0.4676561745543212,0.4801211037472795,0.0848776886845446,-0.0810059791303287,-0.1899425643746447,-0.0720792591944126,-0.0508978267458437,0.1437098737828572,-0.0041568901818558,0
0.1470810656586683,-1.307580244209666,0.4398046493483653,-0.3723498207797749,0.5794617844961727,0.58137560535424,-0.3936006011681034,-0.4991008305933567,0.578034834449168,1.0111182310612463,-0.263121092417958,-0.1641397315765835,-0.6904454507166087,-0.0729865544260152,0.0637681435212769,1
0.4278005601160189,-0.0191815669012814,1.4347540848471063,0.2458509900930992,-0.3958752308381664,0.0684589699530856,0.2099089427978353,-0.1132733140240394,-0.1064665525647762,-0.0230645245820279,0.0840898266375879,-0.012132980767067,0.1671268951534738,0.0222664651330353,-0.0272798865376128,0
-1.1964104445805384,-0.2596797447432976,-0.5412279986408458,-0.3921947496980964,0.9681970864052976,-0.0580575478977877,0.0720485819690718,-0.0822503283806811,-0.5613023974502702,-0.0627616522762166,0.126365437798026,-0.0097489108532015,-0.2174122347484622,0.0596238103456657,0.034364133338093,1
-1.3315821611865497,-0.0694317058560997,0.2941738987493718,0.4739456586385038,-1.2338418899010382,0.8445397438012012,-0.0918118502488516,0.1376183245696787,-0.4354964784745283,0.7139763743596101,-0.2283195511379097,-0.2155686677485418,-0.4893277763968078,-0.0968602111387025,0.0095243496931871,1
-0.2850286121691692,0.5722842872209393,-0.5691851412497543,0.6190533647668394,0.4104252954901186,-0.0064729793199639,-0.6595385989858141,-0.5147721366771698,-0.3513106551072885,0.1281665134575315,-0.1209160536637447,0.9541209416854076,0.338730415511036,0.0743922688025552,0.0831223946899319,0
0.6943286137725665,-1.3122640079504817,-0.4606576152559874,0.4979329556574411,0.3910896788631042,0.0318008269516353,-0.2272546616020408,0.8718578556876078,0.010084801943999,-0.1136355065151357,-0.18440359943082,-0.0209534685650032,-0.0981592215230177,0.1005602030966775,0.0651324189826227,0
-1.0880812351747997,-0.4879524914732858,-0.6361968696952066,-0.9297831493828096,-1.376423447624421,-0.6998506829637063,-0.1613620594656462,0.3116246746322952,-0.1955094871491354,0.0087422278179873,-0.1557051620017884,0.9999740771361226,0.2913503454287235,-0.1682016511199665,0.0026561130837868,1
0.5040820787007191,1.3459511103652004,-0.0485126004282254,0.3926907989335882,0.4343403370451801,0.4735987947059672,0.1924523537991042,0.8029036234089366,0.0209076693184091,-0.1718055889333036,-0.1569793142859312,0.0682687204249617,-0.0309163452342468,-0.0872954705079111,-0.0242184850887796,0
0.4789328271930028,1.238200625945262,-0.6007744399670277,-0.3564112599938903,-1.0012717564719584,0.9268766352788032,0.2496095307227098,-0.0816844484619661,-0.2551776150312338,-0.2531110852744243,0.051070113142596,0.0741699160129902,-0.0032207758795111,0.1913258796002401,0.2414302192759035,0
1.217934889453216,0.7909328845986368,-0.141157959207021,0.1240273825376595,-0.2832121704961301,-0.3908358479699337,0.2063168762284756,-0.5202988696113369,0.1899586019918615,-0.0085242039238528,-0.036042302477647,-0.0169927322940673,-0.0065575049443329,0.2446703151675614,0.2049358074736302,0
0.1663184664662105,1.1441842509739344,-0.5314454608998925,0.5550626996105464,0.3399451665089974,0.4380831399591336,0.0045917716383448,0.8095092151651262,0.0080202213254659,0.8456837178082778,-0.4853970597561109,-0.15411254625291,-0.5215313563270894,-0.1836177609136858,-0.1590316280914003,1
0.7008134209114144,0.7317304026561662,0.5660318332498419,0.4359703455827729,0.2710730543544665,-0.0486013314391325,-0.4305162609389857,-0.6863803892263636,-0.2990420658234017,-0.0321339620261504,0.0618213276264479,-0.0893773966785794,-0.0270693260610412,0.1911072942573287,0.1322209980339836,0
1.6088444950382166,0.070099011627114,0.0722108762965034,-0.1881641509763447,-0.2155935730443166,0.1276563464902959,0.5798822769405982,-0.266145046606729,0.0748812970403936,-0.0062588081630166,-0.0122832271437101,0.094221209228143,0.0895084287606993,0.0123410160028289,-0.0769964226038824,0
1.1880926011445463,0.855074262158924,0.2525729441846206,0.4347285677175722,0.2230836808138452,-0.2684900953830812,-0.4630410826236484,0.4852907811757312,0.0755644688738638,-0.0887693039132486,-0.1888836591818356,-0.0674068297029268,-0.0486477422648689,0.0971768588511595,0.0793627410292858,0
-0.4952913026840477,-0.6674975369658819,-0.1191573464083485,0.913240226859402,-0.5602374160157523,-0.9230397486801112,-0.2066572619456657,0.3095274943178339,0.4333201602905616,0.1958150330190949,0.7783932032741303,-0.3033150811506473,0.3740858710326191,0.0261236986825053,-0.2830265753571973,0
1.1053094392371965,-1.0083661144944125,0.1956810370006569,-0.1713764869294203,-0.7574735001419515,0.9265551874388348,-0.3721740785530257,0.3024419009262964,-0.264681513425979,0.2032792013795333,0.9073187344736858,-0.1681994525900905,0.4772397353928826,0.0022639513335428,-0.0306249347213215,0
0.3103095483673165,-0.583623549775337,-0.6613429147133462,0.8205878469817119,0.3373140860031636,-0.5252073157222412,-0.5935263774471591,0.616432273014789,0.0859614848902713,-0.1902908451924539,-0.2325713450796586,-0.1201607141672066,-0.2190633570857545,0.147125312083126,-0.0208178336751665,1
-0.0814829495293515,0.1672590776386884,-0.2904301313833205,-0.5695400522939875,0.2762173876117682,0.4590746798422557,0.718439657581782,-0.2825860172831121,1.1027960860023087,-0.1236646564077554,-0.0580128040108393,0.1620699351996974,-0.2742394384675895,-0.0071347131385516,0.0442497820879981,1
-1.8580466443404184,-0.3145238365916315,0.1451507775126788,0.0691777296429527,0.1530635462085607,0.08036994122973,-0.0010438123606524,-0.0644092504814229,0.8438188435098569,-0.2507998627916272,0.0224219848179689,0.0173429673315732,-0.3016329141842586,-0.0026961762211289,-0.0601495011115681,1
1.026735936611257,-0.3210948044341624,-0.865674547527359,0.0157546295187109,-0.1498322393976605,-0.1626907886569548,0.2347769245764988,-0.2069179162144722,0.0673488964763103,-0.0496283014923634,-0.0217876548059911,0.0038251894571206,-0.0731643802912695,-0.1101770454988121,-0.0003567721240813,0
1.6261162373885494,0.0642712797386649,0.078058685987546,-0.2059143067306229,-0.2068028280554015,0.1388702512296958,0.5827938364585636,-0.2591755426508529,0.0902478091118075,-0.0249330485917765,-0.0007958521110186,0.0844359715411898,0.0870889977136509,0.0549266855015834,-0.0572967091221233,0
1.0393696210271153,-0.1706985325059832,-0.1659372040381377,0.1946824920586841,0.0200264868686353,0.3019708733124011,-0.1738212507011984,0.1060176819334446,0.0972901869165603,1.5145090058574515,0.5328964795294889,-0.3968485416826675,0.1205025850571555,0.2048486684644443,-0.2100075861536917,0
0.7124055764871084,0.7421600682368985,0.5673108691705405,0.4623048443447221,0.2631376795613899,-0.043989104560949,-0.423649697738325,-0.6809037924992263,-0.3005689217970997,-0.0307927178192035,0.067050120203856,-0.0883793093037966,-0.0464944892554988,0.0325865862845076,0.315095246652042,0
-1.5359077481527468,-0.2160158756435614,0.0083222834274609,0.9601259670478762,-0.1474934248079178,-0.0199628136091734,0.3631415048122367,0.0715183551258484,-0.1041762450367984,-0.2499585119384834,0.0169242467162336,-0.000389219573902,-0.111074335148923,-0.2257618071267746,-0.2082491693011509,1
1.088756560697654,-0.0320001105549784,0.4621030629438286,-0.8182451203190565,0.4231064821792256,0.3991991889610996,-0.3446672325556267,-0.0385954219786244,1.0307556577032462,0.4345984982699547,0.8605687420251699,-0.1382355853318393,0.3487125001126337,0.0985638175743165,-0.1163999144919596,0
-1.022458104559707,1.089985562088147,0.900975582583434,-0.7623272235186445,-0.867895068299311,0.8907762571933489,-0.4836621492577936,-0.0862547068111549,0.456659829444502,-0.3299619781878343,0.1075324636656782,0.0094195617476663,-0.1993860630254149,-0.0768541620727847,-0.1260908469356862,1
1.2234832137963312,0.7734273781626406,-0.1253723401049923,0.0975370634616737,-0.272683741327409,-0.3940436156308545,0.212606265905457,-0.5082875129424167,0.1688607238205258,-0.0743502746349779,-0.0379959710184136,-0.0110610779057698,0.0255533924630418,0.3809495719473849,0.0345081808347773,1
-0.5679827068752118,0.8141345096029924,-0.6646712249742973,0.5699916869681335,0.548055051913654,0.4107381157642264,-0.1215988333703667,-0.2991327022896515,-0.3760619523736379,-0.190103761643398,0.0935857076182164,-0.0307705969578845,-0.119559833535079,0.1226027010651736,0.0720176559491878,0
0.5879968816350981,0.7897562851011027,0.5371953809528115,0.2955624086539565,-1.017934089929406,-0.8372308929502232,0.4880738859464618,-0.1876389765226945,0.4238496510351766,-0.1227337194499939,-0.0457264017626986,-0.0068327611721037,0.0575274834399139,-0.0917837579150789,0.1431235942064886,0
0.743061571942073,0.7550465649432869,0.5808673963832102,0.4672666405478106,0.2670698752102878,-0.0582607127742634,-0.4213744753931866,-0.6699430094932475,-0.3276152696684049,-0.1017152280192719,0.081089338654421,-0.0618304180702467,-0.0531783480267835,-0.0661654798009072,0.2355098581877872,0
-1.5442053607101371,-0.2235949343079177,0.0035875470590292,0.9531260981690096,-0.1500606904222655,-0.0062952191638822,0.3621369563855016,0.0704721602264882,-0.0879351059165496,-0.2202316750779158,0.0188232198766834,-0.0117207572493503,-0.1017278067639957,-0.144977019287794,-0.1121322402516163,1
-1.584961351849616,-0.5309504580129676,0.2198048468071003,-0.202088485702832,0.0865829743726132,-0.8952110653149878,-0.1929668994893253,0.0291243075815079,-0.2812640250450363,0.2131530449638383,-0.1004551485231397,0.9708672473315094,0.3660214713508398,0.0402064211818457,0.0965427144308047,1
-1.5948540470347772,0.7428412046510977,0.0991246955013379,-0.4477445377492177,0.1832435947643933,-0.5165168106510682,0.131982010630888,0.166268132167466,-0.3228924235920232,-0.0396166995483255,0.1258425525140034,-0.0674543109316235,-0.0743852929981596,0.0034225483133193,0.0918949102562726,1
-0.0916987211271806,0.3258848056322517,-0.565202843361685,0.0151695650261562,-1.8741021008246104,-0.5548344400548759,-0.4802242845063796,-0.0189264778905702,0.0257368981524762,-0.3057631550712755,-0.0199189228973029,-0.1485417358331275,-0.0636302776188165,0.2792103078133909,0.0794815528632024,0
-0.7761867994672845,-1.0196897340142592,-0.4221279694899639,-0.3127571030726003,0.9120077959910696,0.9137009382913048,0.2734101510276838,-0.0933236451562464,-0.1324776780088365,-0.0674161716981368,-0.4689594121198137,-0.4077123691158242,0.6873918051543941,-0.010238771675712,-0.0580752448009757,1
-0.3043399351566501,1.2638716759707125,0.4851597689651016,0.5096734447863116,-0.4786616280767162,0.1031091127403416,0.5852649111243856,0.4987400885592242,0.3942133033244168,0.2741233700379324,0.861502538950177,-0.1330595455160352,0.5511451277733869,-0.2829457448458345,0.1039375743429588,0
1.2358797486213615,0.0231028222058414,0.5878567733803887,-0.7906153964899955,0.5823600971713074,0.3778636754615324,-0.4658945926049846,0.5974105073734978,0.9420683713683132,-0.0121627551989538,-0.1467770170565548,0.0506058066638894,-0.1092707993345112,0.3462812758863417,0.133456068924995,0
1.1573802141734857,0.7508329674436763,-0.3016161723121226,-0.3157483744292468,-1.2006353257164477,0.1652301971322302,-0.4070986487361719,-0.4105042051301813,-0.2000855121542464,-0.1744549150156361,0.0001262637506918,-0.0702703726763006,-0.0476820067110415,0.2933346936900846,0.1019498195055402,0
0.8323702289234752,-1.0262695438611291,0.8024943275606314,0.3035051713898097,0.3852363968772763,0.5317686343595855,0.1561851553568678,-0.3508854208612329,-0.3593719120689069,-0.073740105481559,0.0897420292046461,0.0535418831522585,0.0413526472005148,0.0973169363359816,-0.0130557173284198,1
-0.6748022717483065,-0.1890391539955493,-1.2475036197227798,-0.682893777660018,0.420982926187565,-0.4185096139768401,0.7153836551183395,0.077699724844593,-0.0759883297402581,-0.050061853881418,0.0104066491921859,0.0534312270020065,-0.2423143420298623,-0.119577174271971,-0.0136937579628024,1
1.2108249016692465,0.8004647985661362,-0.133685878675296,0.1310880224925655,-0.270526224227718,-0.440869463819134,0.2053735797302187,-0.5299478824376229,0.1420224747970824,-0.0723440713851233,-0.0668289109144353,0.0048884479320037,-0.021617279231695,0.1137158776187534,-0.2848568153970205,0
-0.8869333085446067,-0.2228255957775094,-0.6589981946356357,0.790637855582958,0.5819893865099279,0.4500853827335128,0.0938430007424732,-0.2414563751296131,-0.3368770285685886,-0.16088136675449,0.0436774721359723,-0.0135381289154953,-0.1609845231333585,0.1209770440314398,0.1123604983995925,1
0.9438145712873988,-1.05501178713976,0.0417803897326943,-1.6105224594782372,-0.7122184212474321,0.249307281904802,0.1650914099246198,0.0771802328680873,-0.4736782679127144,-0.0512304943826409,0.0860370987374855,0.0505030776568974,-0.0339182567358094,0.1174119818058423,0.0456612763846348,0
0.5818853593886032,-0.4601408962623178,-0.7435056791382252,0.0769885108718502,-1.2497421254996064,0.1435422321636422,-0.3695265630612793,-0.3151563945597047,-0.2300597867760754,0.6978873583080827,-0.3404395808610027,-0.2201724625752211,-0.59982902548613,-0.0511991746106963,-0.1158019761813732,0
1.2599894125813331,0.1186633598798568,0.5645961125553384,-1.0224491923247934,0.6619995321287528,-0.2548238971549859,-0.1170434318594168,0.8843782864570449,-0.2417830775601672,0.0930405716533627,-0.0832828510300281,0.0402367889899082,-0.0481947727224843,-0.3837735867214854,-0.055338831006175,0
-0.0079035944586756,1.2080043146821589,0.2584513880005763,0.3559688394715464,0.491226258515937,0.6865326321393399,0.2112194117878947,-0.3810060261403303,-0.3490476630586009,-0.099113970308973,0.0846493636377314,0.0454897164593531,0.0222036856995675,0.263141231482174,-0.2341944149744205,0
0.1261535015267338,-0.31299812262303,0.7143918237614358,-0.4922408395245709,0.6960513551258602,-0.5490524371006327,-0.224102683655658,-0.4506289267673669,-0.5382591113997461,-0.0308622227208528,0.1063480627169173,-0.028200293799453,-0.1623267265493808,-0.2249891147636222,-0.0151095602816127,1
0.9444882541028622,-0.1559390153240941,0.2846143520884097,0.6592555092880042,0.264989013762347,-0.2403666454670232,-0.2430457931707036,0.5694304121698343,0.0828727201787479,-0.1895636691284029,-0.1939668316629518,-0.0054690972166505,-0.1088505987830484,-0.0834708395191369,0.1153232673405508,0
-1.0172086212498002,1.1443962442560878,1.021408984007864,-0.6520425235372366,0.1204246074483352,-0.2249345104592272,0.4662858249600148,0.090607794638069,-0.2807091836716389,0.0633505358371724,0.1360302880979297,0.0074173721711734,0.0557288511877463,0.0846647020855336,0.0158806338250151,1
-1.892004440515764,-0.2820116446983276,0.1115424647851318,-0.2371911330785821,0.2275749758462453,-0.4970622811713768,0.3407841540280699,0.22424102260375,-0.2989724374394613,-0.06164975097306,0.0857577478769041,-0.0283899220107649,-0.1252510922841793,-0.0287678332415459,-0.0854671252979008,1
-0.3753641743219179,0.8451272344310853,-1.257571095493088,-0.8774542180966723,0.3652293213311051,-0.4455050720289547,0.5044480198009227,0.0242834061483274,-0.1274068294327961,-0.0450205363843291,0.057767141673641,0.0420594314822386,-0.1762201939069616,-0.112586260282341,0.2145364815519872,1
-0.2344332745486392,0.2173653611538114,0.2964653852521164,0.6241458071180451,0.5298215272691682,0.6987145806137924,0.4431923284135262,-0.2932542493965596,-0.3615719465220486,-0.2285694430568011,0.0713821455897719,0.1130824235729299,-0.0837209067454796,-0.2508331124201289,-0.1555425845671501,1
0.3053647472794242,-0.4693900983435093,-0.4685081385207486,-0.6568240343450491,0.0462312667748603,-0.9164580993776306,0.2282690568677173,-0.2676722475965541,-0.0700187163157831,0.9886273633375235,-0.3139344652322492,-0.1744281644826258,-0.5987431633887896,-0.1286249137974558,-0.0371671284781722,0
-0.2498203794065243,-0.2996941468268001,0.9184684608882496,-0.4210410572871401,-0.2609246783277351,-1.1378061168899951,0.119681968186003,0.3966498189629794,0.2257644979549058,0.4244370387895401,0.8518355896256288,-0.2227837431986335,0.449433227666054,-0.131100099057657,-0.1730989037731591,0
-0.8675244904920788,0.0654842544245655,0.191038266334408,0.4014581171611759,-0.130317410198608,0.5287323828056006,0.5173922427739011,0.2628693054430639,-0.1772811826116465,-0.1208630973310649,0.1002932049719564,0.0371054706643028,0.0681834721177382,-0.0958845596238798,0.0094043103894391,1
0.3520077706637491,-1.1687728887453337,0.2740831643351188,0.3429970769444614,-1.0159843770014203,-0.2830372793776133,0.8804126175038184,0.1439500639429571,0.3605085544976435,0.9306665002386018,-0.3519109551166414,-0.089610273427921,-0.3541416773474715,-0.2457405663605426,0.0513928514686877,0
-1.8215286020425812,-0.3021204917294731,0.0357510646746765,0.1749910359099717,0.1160853774796824,-0.0682436265348418,0.1810828507755491,-0.0302221934454998,0.2176275130518118,-0.1604413056407867,-0.5325851930058119,-0.5242568731238421,0.6369413822708713,-0.169719024266088,-0.04575246091983,1
1.5801189931771646,0.0371251982520002,-0.0829532460518801,-0.6271022725947037,-1.1333214521594326,0.7004528985809102,-0.0304573849143937,-0.1445890027292505,-0.3001778727099667,-0.1872204221884351,0.0507836745530191,0.0415595219694487,0.0357975696029395,0.0089479125459293,0.0217101279964982,0
-0.9385021502497972,0.7782139774111899,-0.5694636933622861,-0.5823218707465854,0.9227660086168544,-0.1170872022008833,-0.1483861791650471,-0.1682075890193433,-0.604286374665447,-0.000862560100573,0.1283970783462346,-0.0417511545420166,-0.1872241024914395,-0.0124921819268152,-0.1128900783748213,1
-1.8611993961720736,-0.3245602334589412,0.1443296396855823,0.0664417274778546,0.1488195235848628,0.100475134781751,0.0038009348854094,-0.0592225186430249,0.8591838452900356,-0.2297469684218744,0.0265061794888403,0.0030854464852407,-0.2913387359122615,0.055071464434535,0.1177107271962364,1
0.337327153344865,-0.6434142167265275,-1.056046407282202,0.5222129266782979,-0.1715089646688055,-0.6527483269106895,0.0775968630991014,-0.3909455316092068,0.194702712688171,-0.1071532047187285,-0.0856753920127189,-0.0687224635049183,-0.185727840060058,0.2229016944602045,0.1075522552577241,1
0.2423792624933636,0.2392341696381782,-0.4223026086749581,0.2790771549455287,-0.0297262578816045,0.3968566561550469,1.0796696139377269,-0.1297394001938004,0.1683130250823823,-0.1226133943675916,-0.0331379927421707,0.1467318399522023,-0.0125092667128096,0.1501982753554077,0.1168962211660615,0
-1.3138174842632226,-0.0700218452457475,0.4492361026078513,0.8777855191043845,-0.3211236100839448,0.3192973101107874,0.5225502031835068,0.0287834651788489,-0.0271037615474588,0.9310499702537992,-0.2757084894539044,-0.188271187458076,-0.380524495933587,0.2361042533243489,0.2094924145119211,1
0.6034357855188914,0.3885535329596369,-1.0826892759870352,0.3422538820046082,-0.224415651534193,-0.6840395090925067,-0.131808333728248,-0.4658243871751706,0.1712357622286967,-0.0264191867804476,-0.0736808706399309,-0.1188337335418713,-0.1580894474627787,0.1173029368997927,0.2782667793639941,1
1.585139505706426,0.0439895259942573,0.0613387202908123,-0.2279627703185205,-0.218342806404028,0.1616220096628931,0.5709471524607173,-0.268839694640709,0.1133298718592827,0.0587987065999225,-0.0024528423445683,0.0730214371339747,0.136910423817782,0.3664385626378752,0.0680047559903276,0
-0.919327795968368,0.7083136856392696,-0.6781443659494074,-0.7222294125989205,-0.0642808729033577,1.029229697776204,-1.0943404805856631,-0.3241568410778253,0.1446809945885129,-0.4261546071407031,0.1317038298826704,-0.0390829958195114,-0.4059228061233519,0.0221935596776521,-0.0584418323586011,1
-1.602933516187563,0.7022143097071104,0.1232091021341156,-0.1519515186985987,0.1146990635884755,0.0343548904849998,-0.2189118083537779,-0.1432116420147528,0.8068808227705074,-0.2051572523049266,0.0266776449149539,-0.0242050713740807,-0.2397661525374645,0.1219130424402948,-0.2429458587462148,1
-0.2838157809753322,-0.1317745795939017,0.5288810960156879,-0.2327256029187588,0.7051322839346952,0.3729985700020312,-0.4582829244749903,-0.6517752719635779,0.6160910287402106,0.0849449508021042,-0.1551608952379801,1.10082607862037,0.1776842876889567,-0.0460174562635327,-0.2046242811643522,1
0.1446928651329195,-0.2988056377257986,0.7142738822797582,-0.4829234133172066,0.6950882881115688,-0.5503142509237842,-0.2265081873664821,-0.4493866016639008,-0.5348085870840736,-0.0363820490462749,0.1200359544832496,-0.0200114186785488,-0.1820401488387931,-0.3212254541530208,0.0447068232156475,1
1.3148438700190512,-0.9915479315307292,0.0896461197361832,-0.0240826372111851,-0.1742279858758941,0.2047066382654926,0.7937182698136758,-0.1874002063951479,0.1371594222015129,-0.0094414076738129,-0.0223319557918221,0.109481324437018,0.1023710116012455,0.3650352153911549,0.1055701602153249,0
-1.88459808990956,-0.2832258615310737,0.1084081758081073,-0.2436466059067895,0.2289706503357622,-0.481895133973981,0.3402765407427058,0.2249303396316057,-0.2739710462935232,-0.0402018583302244,0.0960277898709104,-0.0418251163060802,-0.1337939278089835,-0.0107586344507227,0.0322056479364413,1
0.9840854166418485,-1.005524410355661,0.1938149759025783,-1.1465987389792294,0.1987787979113168,-0.3239603759124081,0.7761360490809068,-0.0447868483188969,-0.0958206988919556,0.141604094593057,0.0300393393780563,0.1073478535566045,-0.0071920394809706,-0.0433502373369946,0.0814198230780689,0
0.356562025710485,-0.5612792341362568,-0.6452721247682948,0.8472996662249502,0.3304006618118347,-0.5293270224550861,-0.5861815599498227,0.636893204639944,0.0559828276137985,-0.2638390271012687,-0.2035684969814773,-0.0856208015850495,-0.2320091512282103,-0.0540139509726342,0.1381545716415437,0
-0.9712805082892564,0.1426839219354969,0.9399779280748892,0.7078194404366428,-0.2153292851452176,0.3133360024203678,0.7021385205830055,0.0167079074612138,-0.0566953873694473,-0.1544955789256569,0.0435214961727263,0.0678620742197173,0.1112033776370564,0.3084572511222021,-0.0867953227396814,1
-0.8304485947948769,-0.6987457326575541,0.3130433853857835,1.010425163590992,-0.3527091402563785,-0.7600289891115624,-0.2863001152944469,-0.2427602405963708,-0.0373367479962779,-0.1799510788852129,-0.0098114444734978,-0.1461373548084428,-0.1630983521568511,-0.1901418225967813,-0.0583322054022757,0
0.2418481943590981,-1.4148295091898366,-0.1309656573673005,0.5194971665141971,0.4441268020079313,0.2251839407846572,-0.1885048641330897,-0.289538498324224,-0.4035327401663784,-0.1446388343133779,0.0724652702697679,-0.0129558715721456,-0.1019834711515552,-0.035875743538086,-0.0189713457924241,0
0.9942845095622171,-0.2182195391193754,-0.0908133913167649,0.3686956240183078,-0.2384885833091483,-0.3725335138468498,0.4446632399537464,-0.4204542759919807,0.1659808763688004,-0.1823856740637106,-0.0480034953893529,0.0511535438229693,-0.079239681544608,-0.1218080641397249,0.2228762903665975,0
-1.0757668011097947,-0.2400304947950868,-0.8550932011111615,0.1498700339798622,-1.6283616378891697,0.2673789021479377,0.3877258386896889,0.3737212865823958,0.0388673478398717,-0.3631717765519809,0.0013344508101706,0.0005417859157742,-0.0395631584339735,0.4059190931772539,0.254910851271928,1
1.192920530460504,0.8510782998400463,0.2579918809048223,0.4264763919367514,0.2291703062258565,-0.2714629430062105,-0.4604623632651119,0.4882877590270097,0.0712366147569778,-0.1127395025364385,-0.1905826167075403,-0.0681609414789948,-0.0468258690112106,0.1111982147882185,-0.0003074982163013,0
0.9894869544190652,-0.2169117129772421,-0.095321772447805,0.360407527369175,-0.2380784480626609,-0.3752742708432431,0.4369925278369502,-0.4258085664129712,0.1689950616123195,-0.170378487816706,-0.0454764597940132,0.0559752851887432,-0.0732017350288026,-0.0580607154003701,0.1685119340568042,0
0.9699765844249424,-0.2272122044872979,-0.0980774445186144,0.3476992249954799,-0.2358038892567866,-0.3794798318261035,0.4338696321105868,-0.431584028855335,0.1660221044228167,-0.1604913158821301,-0.0579799912605561,0.0526233748098733,-0.0552793052661385,0.0520174585892468,0.0469204758493975,0
1.3217474653145571,-0.9616179587018444,0.0931322062042479,0.0056033277526054,-0.16959632176257,0.1514829732027958,0.788689072235581,-0.1981533202151358,0.088297796936942,-0.0638965232948111,-0.0397943145164319,0.145512661705556,0.0654797901340483,0.0956220974278017,-0.2660352067576464,0
0.8337535478855175,-1.0131866151334403,0.7997077229366979,0.3231742296619059,0.37753902011955,0.5237067963302735,0.1536493599265711,-0.3530376984570891,-0.3707598952139659,-0.0691613752128901,0.0917050120997486,0.0675903887989684,0.0326372918091973,0.0033047237500288,0.0271331679886719,0
1.33873576398863,-0.9573450104559222,0.0947853788439245,0.0157972101431175,-0.1707476207775924,0.1652102386854489,0.7953435587737696,-0.1918358647731615,0.104645467048112,-0.059552689233315,-0.0295369795026507,0.1342914410515893,0.04450618350892,-0.004375551203108,-0.0827576795762158,0
-0.147128322260022,-0.703711229046198,-0.3296952044340002,0.81334957251542,0.3923799853072152,-0.3162473603943585,-0.5569231662913368,-0.5398370086810824,-0.3189866753143439,-0.2207788696513717,0.0324253799466659,-0.1163226795319058,-0.1869458541762241,0.2299411548895618,-0.0838433554484612,0
-0.5737746114699497,-0.8278351097883746,-0.0088680174832323,-0.3251536494591906,0.7405242027108139,1.2068005525477543,0.4273423517654215,-0.178104865394299,-0.0373408986534602,1.2020539104838917,-0.8083274658256039,-0.6188946841432932,0.2901662444947999,-0.1260022801577242,0.1604791345752951,1
-0.3557878803637891,0.802379545531684,-1.3472079354954247,-0.4915442360891018,0.2617522552581497,-0.0229129319010404,0.3372392282040175,-0.2516411818958067,0.4044857059200041,-0.0857971728884915,-0.5966703937081659,-0.4809533340247869,0.6043879635261391,-0.0516091097726602,-0.0075509637903996,0
1.062875653988542,-0.2964921476781168,-0.8554084863886601,0.0373912072737084,-0.1485657876291919,-0.1805422253429313,0.2368831275259919,-0.1990189260139394,0.0434174321990701,-0.1097109043999099,-0.0068749466732654,0.0308869705708156,-0.1030217755916328,-0.3319900443931398,-0.0308443410614909,0
1.349894506475421,-0.9649774252792012,0.0977495414551596,-0.0078008775199396,-0.1674905464446441,0.180159046662118,0.7924013552306952,-0.1851204828136147,0.117489372136205,-0.0672527632417475,-0.0112605338003487,0.1340139724624663,0.0632320653735984,0.13785898515612,-0.0271854261448913,0
-0.9763198322132954,1.162918917019873,1.0373435761244447,-0.6307146597608037,0.1191221938277338,-0.2335807375474513,0.4744171552280776,0.107518029231817,-0.3084952511632388,-0.0109750652764396,0.1556404754080516,0.0342290144487152,0.0381701093975944,-0.1130517255556111,0.0789910730947666,1
-1.855680971432934,-0.2701043467111823,0.1225698295156999,-0.2394858965683785,0.234783559386245,-0.5016394505083779,0.3421274064684001,0.2344091662353761,-0.3056321818197032,-0.1173030372508586,0.1061668790155937,-0.0135375617377204,-0.1411926456133228,-0.1143813793155767,-0.110082750080007,1
-0.7982182975226625,-1.0226546972921198,-0.3156907191767475,-0.3941837123911592,0.9466464454447644,1.0762047093086426,0.1004149948542519,-0.1258430538424286,0.5200130308500601,-0.1308956817896673,0.0895261667478874,0.1113889842099036,-0.2953074655229242,-0.0494463016777689,0.1608251561005611,1
0.8414638763968348,0.8168707213963906,0.353201375783695,-0.7306340632575139,0.5944197480009068,-0.7727348649277082,-0.4900042438086773,0.6305402487223583,-0.1406779768213795,0.0879166208396916,-0.1225177748363262,-0.0723573835402026,-0.0983451771241858,0.0592680990133812,0.1133736959625417,0
0.4764200532574958,-0.2713375391151801,0.6068885247702304,0.6652816764282826,0.3199607693462842,-0.0325938897350285,-0.2062630332044483,-0.5975124836216945,-0.3047661337510082,-0.1784324740262983,0.0582228870505584,-0.0195929324759565,-0.1052395322808578,-0.1031387726230473,0.0710249122582658,0
0.4793250146422655,-0.269444871295002,0.6094745833458487,0.6712404958117054,0.3219448824267865,-0.0374336557513281,-0.202637334289959,-0.5967543460439915,-0.3095370206768933,-0.1901169214324186,0.053397232950605,-0.0208808520102912,-0.1149321931168543,-0.1674091388686107,0.0401624785807135,0
0.822061317866745,-0.2020871134841904,0.1723772478827787,0.6464405486783623,0.1013242682252368,-0.224075860197777,-0.1147955979049094,-0.0512220478846601,0.1420350802269596,0.1974810284427832,0.8268373929515754,-0.1696685623289046,0.3527588782192965,-0.4278719467825556,-0.0730383646733641,0
0.4980672035695795,-1.0566587087151948,0.9088369569239236,-0.8460706937503865,0.7567909057298237,0.020862948220328,0.1356220001052512,-0.2010691274139557,-0.5867944810151386,0.0773672276451976,0.1551421387239909,0.0529283479195249,-0.0257676930528482,-0.0776679591860622,0.0294361217836531,0
0.93952511741016,-1.043393597127813,0.0409440108525469,-1.6203858977351802,-0.7013797389419139,0.2112807165372482,0.1515163773636662,0.0635574491963743,-0.4994802709523739,-0.082754903473269,0.0750288221633246,0.0752836767701778,-0.0391132154104223,0.1163733728618537,-0.369026087030227,0
-0.3486512045518782,0.8214492447259466,-1.3466957975575362,-0.4598062307726646,0.2592610534685067,-0.0424107277373554,0.3403782103963558,-0.2549804468171369,0.3872428020474249,-0.0989755466046957,-0.6050745153293013,-0.4710774938880159,0.569885691602708,-0.2887577140658904,-0.0483182748933044,1
0.4842813473985704,1.3300701534633617,-0.0506977649328903,0.3655259897278663,0.4433298365510183,0.4701916489560601,0.1880572251875797,0.7957600884948046,0.0253246728833842,-0.1649787365985967,-0.1706227013359819,0.0583655278804903,-0.0110030412361528,0.0803051350297409,-0.2209441906194344,0
-0.9833654068048796,1.1585093981036056,1.031882099592312,-0.6448184706196817,0.1162170912622191,-0.225063556243409,0.4664413066864669,0.1050164323257623,-0.298723485199321,0.0124862643905199,0.1641726717193722,0.0364461978237029,0.0580697907196757,0.0254480145091817,0.1164140309918909,1
-0.6556894610557621,-0.1882400915442565,-1.233186654649295,-0.6870785005340186,0.4165408124646845,-0.4211721619811793,0.7167644618950739,0.0944663710469809,-0.1104319116253078,-0.115521117601962,0.0295097568876251,0.0870625166526007,-0.208399049855462,-0.0545580509932782,-0.000436369627446,1
-1.6273947625609075,0.7406556184375788,0.0766341513277122,-0.4528692478135377,0.1863030324351371,-0.5141468423065692,0.1214364331605299,0.1410947575380019,-0.2809087312176632,0.0554496965558111,0.1060166611277035,-0.1003007497751078,-0.0982310364948371,0.033633628751737,0.0384140963529523,1
-0.5705253103159659,0.8357063718085496,-0.6664515185846728,0.6149170225324866,0.5454086948647197,0.3820370424157185,-0.1156023844136534,-0.3079487051927692,-0.3981438405452673,-0.1951798141835788,0.0697395565839934,-0.0262401834873576,-0.1683427157649249,-0.2038111722426693,-0.0224840843820959,1
-1.1441615404646883,-0.9756278992698262,0.2145007423759471,0.5848986100528664,-0.0872672117444556,0.5792634079796393,0.7303262035121456,0.3417207821471587,-0.1443927404403269,-0.1707013904053371,0.0906275807752244,0.0780996925973935,0.0581779684008309,0.0757047176054327,0.0471123557388343,1
-1.1994130645386831,-0.7808760019702997,0.2716803585842222,-0.6091141442783615,-0.8997812531069398,-0.6904272063715613,-0.9205213983403044,0.0383919937694872,-0.6559430552080734,-0.2388006835412243,0.1284481209502793,-0.1837585713527523,-0.2243076081601639,-0.0931914744307011,0.0403887527694039,1
-0.1715089814550725,-0.3794904085326194,-0.96848909455268,0.7991744852421144,0.2468610826050505,-0.1578323040542644,-0.3462860263559517,0.1182945953234671,0.1282575877019783,0.3966621684896532,0.6487042783008882,0.8460135768336243,0.7307483972086068,-0.3595724171448472,-0.0552048513512014,0
-1.208223959258702,-0.99398446158886,0.0447428737139898,0.1961200280251041,-1.009664243360354,1.122977621422355,0.1247330499738004,0.4396956020317669,-0.5267930457434932,-0.2971456428565728,0.1051181155771109,0.007518347111745,-0.0507248081704188,-0.2449394126311435,0.0231306645052873,1
-0.0568616734094017,0.0897664858679547,-1.073502133149258,-1.2413509149628794,0.4345971358886005,0.0903297481789525,0.856453716084122,0.2485028832225144,-0.1934747113833121,0.0887667009340707,0.0565725567959646,0.1155367561101104,-0.0303607840649925,0.1189793426565242,-0.1991165390374834,1
0.1902804141964746,0.7011584419673051,-0.8854270263435525,0.6376692116910639,0.355905740826927,-0.2371355035917144,-0.6909212814252867,0.652571390992633,0.0081090609127366,0.0797690992143617,-0.3841634071988861,0.982014723320321,0.3125262196425347,-0.1026275488413381,0.0150278858921064,0
0.9199423337948776,-0.2643200015798914,-0.2611322891438731,-0.1037367638563048,-1.1520220506675822,0.1848913335580208,-0.1861502562493252,-0.321663098278996,-0.2086483388340264,-0.317361470374869,-0.0051144752274687,0.0011938257376389,-0.0957789269365785,0.1594065274069455,-0.0041972554924444,0
1.1159372913666743,0.0386536289539141,0.7687465726120802,0.1647249042777679,0.3242388296574494,0.4876773856942444,-0.056659535144434,-0.432343539320943,-0.3831867636191024,0.0236246124217739,0.1093510423278143,0.016183487292751,0.016952470912807,-0.3026929941021831,0.2611723916558526,0
-1.2927911236305722,0.0492694290597158,0.8091427948603055,-0.4713514291168807,-0.8628253697354659,0.7907250404493338,-0.0858462227269842,0.0183585411290732,-0.1353141620295657,-0.257735027718225,-0.4825268405590781,-0.5080503692733105,0.735727404594662,-0.036614457109984,-0.1338863264061243,1
-1.2342589528289865,-0.2730906353766194,-0.5560584146807453,-0.4007671708398208,0.96612167226154,-0.05187963313265,0.0666968424364665,-0.0974982840107183,-0.5401442505050205,0.007103765456479,0.1060864643103841,-0.032896758148386,-0.2070600434811004,0.1827087179082988,0.012340559012506,1
-1.2697388199394355,0.0735532881345525,0.9396489016012368,-0.5326276217636468,-0.8314013625451773,0.9177155969273928,-0.2582042573183659,0.0056567496630436,0.4416023412886979,-0.4547596712221445,0.0995156833419476,0.0818509164120128,-0.2378271688405647,-0.2340324807890096,-0.0688134628919058,1
-0.7945546552334773,-1.0348596149888514,-0.4353138281586328,-0.3054920434868876,0.9121832399704471,0.9481140219280286,0.2854726396607265,-0.1001617705692509,-0.0711489705672341,0.0247147464849002,-0.4853387146372782,-0.4717455757828919,0.6535862989955967,-0.0699174722824186,0.2265511781302451,1
-0.0249612320762375,0.3841562421905891,-0.4004300355891884,0.4764465778387539,-0.9418746597495228,-1.1526536294801315,0.1374038078723604,-0.139649993686297,0.3930120465495878,-0.1827244974964171,-0.0843129046233437,-0.0930807277432341,-0.0785438658791148,-0.063374025733114,-0.1774650864926034,0
-1.0858325631363943,0.9648077916754514,0.402439494279941,0.6829327176859449,-0.3600023812434219,0.2577517314858861,0.2949031265960309,-0.08071199691302,-0.0343866372396872,1.0702956235156385,-0.2980761655358776,-0.2535797156814967,-0.3779295767345883,0.1637010114293929,-0.049470249234051,1
-0.1872854161677047,-0.7184835149789297,-0.8252569698132778,-0.8187833988959181,-0.375441432009827,-0.4146025934521811,-1.101047412204487,0.2729271363771456,-0.4331196313267119,0.1978808767627505,0.9323619009575318,-0.3485676131007024,0.1753027773767877,-0.0396315946338529,0.0847974841654144,1
0.7335315832208503,-1.284032650415032,-0.4504503312610808,0.5313483568129606,0.3897811984764311,0.0158869983249912,-0.2214114663680683,0.8810205991958515,-0.0122837479614268,-0.1695623353905299,-0.1701836802640636,0.0027394209177986,-0.1394337217960414,-0.1982221822856952,0.1063329496949569,0
-1.297765202473126,-0.8995912091601813,0.6231982149204968,-0.7154098255162732,-0.8925980935298337,1.5047164859878517,-0.085525177786494,0.2512844696763192,0.4339807710121598,0.836739870901698,-0.1936709286399446,-0.1080633874927163,-0.5564607963788013,0.0328062879348302,0.3655441954123488,1
-1.616143056159375,0.7529887472170995,0.0836106107620237,-0.4380568934988025,0.1873350802111943,-0.5346106955556524,0.1233011881944193,0.1433746779518732,-0.3088956454895704,0.0119692464761498,0.1033622718682465,-0.0804121597851681,-0.1098588999348372,-0.095426659497028,-0.0790758821864457,1
1.2038534905707516,0.8695764339742065,0.258057330811814,0.448880738080102,0.2242969503924357,-0.2849782731884569,-0.4623340775479541,0.4873500592727438,0.0558815447368815,-0.12504701841269,-0.1863571189205736,-0.049954589864106,-0.0659039596796871,-0.0390929080863629,0.0026953498436921,0
1.1002944517271027,0.0103267331133583,0.7726317128392645,0.0980877969223725,0.3413260722825824,0.4859209209890791,-0.0691500151301848,-0.4347088162232653,-0.383887669708445,-0.0023243256887373,0.1089893944527055,0.0193430631984462,0.0768426408314074,0.1112615796789778,-0.0824005812268262,0
-0.3218535324325277,-0.1501867258070322,-1.3382210711724352,0.477057499712252,0.0458120240263842,0.074665767784722,0.7395315412360408,-0.058278016637852,0.1027955529649337,-0.279934040141784,-0.0464259660965438,0.092754646927711,-0.1571744475213376,0.0038272696057237,-0.1324069953509419,0
-0.4562148142204021,1.2321466005697204,0.3372647800638387,-0.934502788214794,-0.4200887878904482,-0.6146158899191942,1.1141381541869255,0.2660931487055468,0.1521418305458569,-0.0409971384459749,0.0324827918718633,0.1138046731101335,0.0261532156955627,-0.2402528115103911,-0.2340837696798661,0
0.9687820474563048,-0.1343084907690766,0.2898910213696711,0.6974932624644402,0.2588413763271936,-0.2476945763709839,-0.2346029307792555,0.5761464522326055,0.069266569012359,-0.2139382712737216,-0.1879433791447319,0.005349856638027,-0.146309923727419,-0.3639369566786332,0.245004865914356,0
-0.1972009104873355,-0.3048812659791416,1.2662770988880203,0.7959843506341254,-0.4233293659924134,-0.4384781714527779,0.0633314171340408,-0.2734466543635445,-0.0241858075703433,-0.1877551176047625,0.05208479916134,-0.0377908115794169,0.018891530151127,-0.0081549067497903,0.2071721145039849,0
1.0590827141284986,-0.3064725727049548,-0.8518118664274082,0.032497350416433,-0.1523036722656627,-0.1708821790609156,0.2407168912187722,-0.1920805633330541,0.0390398401503321,-0.1151031090547261,-0.0048589414521355,0.0308086359580656,-0.0802160488608842,-0.2504931308216516,0.0446805765653233,0
0.7009931288372205,-1.3043866160453748,-0.4613088391805613,0.5045072991623928,0.3915973611496812,0.0272138715511922,-0.2283867603888214,0.8703541982407432,0.0101401669758153,-0.1158683314406112,-0.1820985782647951,-0.0177649734916583,-0.1120367728144469,0.0328124164861984,0.0575917970665285,0
-1.045523293937619,0.9641351388250944,0.4227036435957623,0.6505452099093313,-0.3543333869561775,0.2584388948558045,0.2905441200652786,-0.0585409034255032,-0.0619995913576587,0.9727028493828416,-0.2588826117470464,-0.2124543821776033,-0.3350924244590086,0.3388147825128581,-0.1125902429264326,1
-0.7602073627380915,-0.1557764890846196,-0.8672238835698537,-0.4139473081805843,0.9212979981521056,-0.2867039341817834,0.0301063116215802,1.0710549845196946,-0.1869137057852249,-0.0701331059094692,-0.1551664807067937,0.0014479467235019,-0.205820835101916,0.1855612263000262,-0.2471181525090137,1
-1.2464188953456046,0.8161705083458161,-0.0102544597555854,0.7644742147559002,-0.1963606256907945,-0.0446350836942018,0.1525353231028848,0.0069476733168897,-0.1277593228893319,-0.2048622874468217,0.0505617901833709,-0.0397221505669155,-0.0731898164495503,-0.2686883051036153,-0.0134047233709811,1
0.3183865254776239,-0.6594271977149055,-1.2034180702234467,0.1145617113087814,-1.0871791339728372,-0.1092932488228225,-0.5250306494023494,-0.2693161587703355,-0.2141220861965542,-0.3355795545822205,-0.0381930962007615,-0.1069188044278413,-0.2723568018749795,-0.0439344953368037,0.0539137818560634,0
0.5148236657906723,0.8236985113449345,0.911984978776078,0.55198594734301,-0.515682195375053,-0.6854467521543541,-0.2017332312430031,0.8055782365183304,0.3480788640011116,-0.1123839678539402,-0.1922978255709166,-0.0723466586763773,0.0845250381935542,0.2619766858379041,0.0587168588685939,0
-0.5031772744040436,-0.1753985344167739,-1.0742458851633234,0.7196440972526662,0.3672852845628884,0.2967483629007834,0.186650196080631,0.3356187724548992,0.1173777278912144,0.1508529788145278,0.86272732182592,-0.1505728509639265,0.3609885761117881,0.1365809423957291,0.1652218871592465,1
1.158518395421538,0.8326323159081467,0.0969496742168829,0.0033582282377699,-0.6946596843285595,0.2850072763428994,-1.0785200964227015,0.6017027883857367,-0.3183427757986774,-0.2842591170316516,-0.1301150836328156,-0.1026885013739166,-0.1076227785780041,0.0391832602930228,0.0385716483076751,0
-0.762090143863913,0.8290939911072995,-0.7179317724942266,0.3824623248260126,-0.7352529938615949,-0.3657199104025269,0.7852653643086467,0.1709162986251033,0.3868880941326986,-0.1636777525087349,-0.0582957029189548,0.002447963875207,0.0115374561301311,0.2562594850312109,-0.1237309385341225,1
-0.9873586499788196,-0.1695787890966839,-0.6790108187503735,0.6136102317509972,-0.6865955396263389,-0.3552789690794443,1.0062202152896136,0.2565778127036764,0.378519505053412,-0.3078224845438448,-0.0621925270770537,0.0772370379038086,-0.0697732052548203,-0.0508973066732773,-0.2242144262356297,0
1.243134532997964,0.8085672816206451,-0.1217673003349436,0.1434240932504741,-0.2696896386956948,-0.4358577844346878,0.2155699525864194,-0.5150997969086533,0.1364810773641562,-0.1174574662622248,-0.0513000321598603,0.0100157854929459,-0.0391020224762491,-0.0270342114403411,-0.1594683479661951,1
-1.1950429814546355,-0.3236678830477795,-0.7754908468816991,-0.4038968111116403,-0.0753408878898952,0.9347898161081488,-0.6957003070041287,-0.2188871208826737,-0.4520358386445343,-0.324764872462183,-0.4549744155042673,-0.5491892926984329,0.5286036984862068,-0.0156674147277162,0.1474777871591496,1
1.2667511546394148,0.819888609341884,-0.1170260190398956,0.162204856175176,-0.2733244463717079,-0.4295620325873533,0.2222080763421684,-0.5062276241399435,0.1381530599145711,-0.1322833330770927,-0.0378642980400602,0.01245965331604,-0.0609992289557722,-0.1776536407533922,0.0112330493978918,0
0.9299919276059536,-0.1683922446651863,0.2853762886801236,0.6495711316253999,0.2676880593613744,-0.2400347299977974,-0.2406255456082444,0.5683091532817268,0.0808567964955401,-0.1881183764281425,-0.2062562289149209,-0.0139152416643521,-0.0942942009878603,-0.004920678367324,0.0443098820151022,0
1.2876736417109949,0.0307303246922951,0.1840544885681463,-1.3679881542831231,0.1728523150844182,-0.3797638912779189,0.559362342671365,-0.1144683369724563,-0.1355010270091527,0.1209267197492008,0.0575338073657781,0.0801513234923653,0.0181719623042994,-0.0832946066746184,-0.1697122473222899,0
-0.2712189668012689,0.8344493494888668,-1.2610847056837675,0.1048655369637344,-0.5929237615582155,0.8126736353384525,-0.6383131202290366,0.3670758931534238,-0.2826074686632162,0.0523879652702756,0.9196031013846244,-0.2559776969037379,0.3010657581851096,-0.0895431372928114,0.1695876954965066,0
0.2400891402734616,-1.3999390717221996,-0.1296374224974746,0.5440062544801073,0.4495755381544917,0.1932875114793816,-0.1853994643404252,-0.2984067925021088,-0.4264016087542179,-0.1678298710600274,0.0489584115972912,-0.0074235972498348,-0.1394090607327949,-0.2659462670610614,-0.2478804704169861,0
0.0362094187705433,-0.9160132157029618,-1.1411193769349723,0.1155724672141521,0.1183282036128163,0.6556426298652693,1.1153000639004675,0.1910882898888996,0.0765492859105827,-0.1602746101473985,-0.0246353861210041,0.1282677892525369,-0.0350746536978778,0.1330242768949994,-0.1154243280511068,0
-1.85411081221508,-0.2820620079225368,0.1247054728105997,-0.2382350415761396,0.2167437335974122,-0.4661214284903496,0.3474819438580571,0.2514243331359175,-0.2999606125860847,-0.0993759537441553,0.1291174167102485,-0.0113810948612188,-0.0989937681977545,0.0258651862907552,0.2919506135866186,1
-0.9510750142256122,-0.5752347998469503,0.869620275008404,-0.2373312615254139,-0.1383633603214701,-0.9928788847706812,-0.1596049844142313,-0.1469196310644258,-0.2513149447633002,1.0639501683021395,-0.2609002725735488,-0.2903833171375422,-0.4861725213549493,0.123682292356763,-0.2743265772971157,1
-0.4854934572221571,-0.7892125985602488,-0.3204630774854555,0.0514220053751509,0.6513670784063359,-0.3884204995048257,-0.742941775348791,-0.6682144935928345,-0.0023576183931535,-0.0622798381051926,-0.5643599609941718,-0.6550963676721236,0.5447740102231868,0.204460920611239,-0.1119492791114608,1
-0.6621304066102236,1.1893226949989548,0.919205099005046,0.5298951002431413,-0.2588644016374223,0.2901263809584826,0.4964659802834041,-0.0505164667383264,-0.056905442697015,-0.0982873532395984,0.079173228709237,0.0107738224892938,0.0946736372479506,0.040963175728345,0.1844658267980362,1
-0.5516165447921925,0.1162760815894967,0.4402333911239298,-0.2643819527180989,0.8328837969732199,0.7960803207982827,0.0855823565309793,-0.4236585634034922,0.5759489199591831,-0.2565227027613702,0.0729033238161483,0.1311017440034515,-0.2746731234900157,-0.0651418384474939,-0.036730338678242,1
-1.1501723849415846,-0.29022636859483,-0.4988728056193483,-0.0700416952359349,0.8908369831341607,0.5208350586138747,-0.2590650379961973,-0.360373712022009,0.5684435875993948,-0.2816817845877059,0.0641841511250722,0.0387550618800286,-0.3996330968276138,-0.0214831271181463,0.1496903715583983,1
0.1717104640216316,1.2188209716568557,-0.3367796116295076,-1.1203935124504572,0.3170143343882838,-0.1556646329804061,0.8373647379827988,-0.0601253967756708,-0.0759728699059801,0.06718666691152,0.0426575825020054,0.0932635906213569,-0.0198803533284374,0.1968980339550953,-0.1322802124220885,0
0.4489110921433944,1.320844145612934,-0.2110482173583897,-0.0400161637574885,-0.4783449988204706,1.0088875182499797,-0.4270573224210544,0.9044027558639168,-0.3773923789178978,-0.3481774103818534,-0.1243784526016173,0.0260257608195901,-0.0957242316169846,-0.143528858497959,-0.2929982928340889,0
-0.5095342358876277,-0.398876775295492,1.290915134973328,-0.0120823358654105,-0.1449049339408091,-0.5170619446288298,-0.1274788415884934,-0.3919515977923839,0.2828034809965678,-0.1085152751307165,-0.52690129064684,-0.5608274783759458,0.7745670382645464,0.1476021584579538,-0.0847925433402209,1
1.024907782751714,-0.3223552835573463,-0.8660856363280579,0.0079789468493681,-0.1448174589807187,-0.1675573698093386,0.2325443823398194,-0.2102289459169714,0.0688070987080548,-0.0525966258506669,-0.0253166454970952,0.0020966736512703,-0.0749122904505091,-0.0886178434124375,-0.0953640758318594,0
0.2194364407751864,-1.4175750419360682,-0.137717605568388,0.5083069571690385,0.455938568449624,0.2032063068690684,-0.1950255379420314,-0.3071195395134836,-0.4028719982306143,-0.1313567659364061,0.0460929300679966,-0.0224782736039649,-0.1135476735362669,-0.0188594641452594,-0.3393243139870328,0
0.9037043115994148,0.7077351549873253,-0.135786134491203,-1.1308814239044036,-0.8943377160692456,0.2029664889680629,-0.752189577447906,-0.5309420955845923,0.6671370006511764,-0.3358799935521113,0.0038875615494094,0.0007076569023584,-0.328465563557017,-0.1879268223529472,0.026302101276601,0
-0.6442463457711147,1.1974153601060065,0.927672794020825,0.518875403242608,-0.2540996680337735,0.2738195582054991,0.4898317947221378,-0.0459222933023653,-0.0819782460654864,-0.1539297838818087,0.0924338941039117,0.0411810411878796,0.1065291794815437,0.0756072637263239,0.0158884131088069,0
1.244752252271422,0.799941852191898,-0.1243719345494284,0.1326107894278588,-0.2786963735086507,-0.4078479251265768,0.2136669529547449,-0.5074483740238314,0.1548951091341412,-0.0901572944753692,-0.030438522503305,0.0070111563861873,-0.0116941285137527,0.1242014444681369,0.0987152344244173,0
0.251922696553566,-0.99233084783953,1.0870548127852122,-1.1419539227510858,-0.954389837442846,-0.0574944155006133,-0.2463731352783707,1.3959626495409083,-0.3179580459473694,-0.1336628520028914,-0.0656451119138912,0.0075773907372485,0.0122594530651304,-0.1321434826303395,0.0037296529162426,0
-0.9015947705708924,0.1880234562844064,0.9606540450422392,0.7724122400634611,-0.2150106661869882,0.2894767814909866,0.7211768180678023,0.0353529474345161,-0.0905215109606877,-0.2547045666782279,0.060346684042102,0.0942391295860121,0.026019087037999,-0.284325377393576,0.0210267244265928,1
0.9914525839624276,-0.2519255998905008,-0.4761782750122076,0.3207569507260247,0.3510287096185172,-0.0469547979833887,-0.4463497793120741,0.7947458603744721,-0.0581706666996894,-0.1247971700008212,-0.1661991517754788,-0.0244918079574436,-0.094222349911292,-0.1607203718173156,-0.173519104721979,0
-1.1356346119503882,0.7717716257742482,-0.6280347257180253,-0.7954402966896349,-0.3739542253402803,-0.8414683155124156,0.7559953150390648,0.3140209814002116,0.1967391218999783,0.0802295752340628,0.0084675239374087,-0.0221201212878103,-0.0046829724833988,0.4259732973694075,0.1247825498923626,1
-0.9522270944818064,0.1573963611043119,0.9471171665862071,0.721719500012521,-0.2146318674659533,0.2977606360401555,0.7033337612030267,0.021069421188512,-0.0787221869182029,-0.1974701648792985,0.0491114285860217,0.0881828544982237,0.0966330034520749,0.175778827080506,-0.1488900510195253,0
-0.1627517389770426,-0.4262006691104762,0.5015171208734016,0.4343315246728936,-0.3520881786635624,-0.198137760573737,-0.1404629001929584,-0.0361649094107974,-0.1391020499831201,-0.0740497819659234,0.1025386206336408,-0.0680246812331881,0.0942026768515833,0.2313022641847005,0.3033591678611799,1
0.2269527037152893,-1.438906855986446,-0.1348201001446396,0.4954058967558453,0.4458428070033984,0.2540070922965753,-0.1851876563170831,-0.2879157213705508,-0.3706283231971825,-0.1043003888310108,0.0713000457333747,-0.044315760549586,-0.0804288092875367,0.1519924218959797,0.1145117169338465,0
-0.9032551553882786,-0.544568247672659,-0.4166934453691088,-0.0378812250151028,0.7541525989934272,0.1027713569975641,-0.8064819753168607,-0.5921124550240557,0.6070280709469744,0.091564015573112,-0.1685246850036087,1.0097589745985012,0.0757912313837764,0.0946086518001524,0.0405406734113895,1
-1.6299090942538843,0.7315303774615896,0.0889869068283264,-0.460804159165036,0.1755210170783738,-0.5172066920848966,0.1210487104451123,0.1565009927833777,-0.3282666233296885,0.0005147398364986,0.1164269066463841,-0.0611482898176679,-0.0330292565541949,0.2167511587593306,0.0317172057884197,1
-0.3038397230692237,1.134641803329434,0.140747662542634,-0.7862881889569553,-0.1652218443833287,1.147925070177432,-0.5678155457962473,-0.3657518299579472,-0.470473620294555,-0.2658548034806242,-0.4335513258135367,-0.4977987891773665,0.6344201278364983,-0.3142419365416697,-0.2179091077006803,0
-1.6065542696927548,-0.5237269432226088,0.2053908147327089,-0.1941165285787513,0.0897335617683135,-0.909719740127626,-0.2004139873646374,0.0084999914796208,-0.2674411723461374,0.2633932161521541,-0.1216665257760443,0.9572981207225404,0.3366259046314861,-0.0353201774163425,-0.0461437405410865,1
0.8879507075663619,0.7604345767608707,-0.0273602534894523,-1.0078962212799203,0.0936900763652185,-0.9092665331395352,0.2002369906495266,-0.3670423086062456,-0.0454344460440993,0.1171134390078065,0.0114779264312355,-0.0313040475943867,-0.1010135494378686,-0.1110914637056313,0.2073480778589194,0
0.658625050900758,-0.3163330907287804,-0.2248794601187529,-0.8337340932474495,-0.8876560168767362,0.0970365675456702,-0.3578801870921082,-0.4236526700001535,0.0730549480494779,-0.2865508421542917,-0.569077856061077,-0.5019054366257226,0.5867593330879024,-0.2466451416434488,0.0264223233376988,0
-0.8225108776642945,-0.1993948126727606,-0.6334501326728538,0.803860874458118,0.5925978588164977,0.4322194318380792,0.1042375645958321,-0.2194772898377129,-0.3700501041716367,-0.2848004768075916,0.0693836404467788,0.0182007998594957,-0.194221270820118,-0.1373832622831282,0.0443692919233429,1
-1.4547539124485611,-1.0472872201609489,0.3572202334347584,-0.2498213994207139,0.2151969178471051,0.6434114569042269,0.3803410566360899,0.2019338023740129,0.7722790365345621,-0.2099860611746441,0.068666038862865,0.0998958673743788,-0.2020059746232541,-0.1665331632164854,0.0660610416636181,1
0.4933525136342088,-0.2964662572814175,0.3074827962948893,-0.2217443939435622,0.3937409847904207,-0.1248052285575259,-0.4738746789167968,-0.1872510939196422,1.0827919999205136,0.208945050273091,0.8244409513345182,-0.152673832845883,0.1542759102196803,-0.3065902044596776,0.1680708411312916,0
-0.3171305828477411,0.0038350816852558,-0.6556799926294427,0.6884074454019026,0.1993814635634075,0.5761092353736574,0.337778114892772,0.250719621082163,0.1850840181807561,1.3891084046934008,0.5116374455277501,-0.3476075834370704,0.0014892571289993,0.1787890845368385,0.1548233799146048,0
0.8228080299028645,-1.0328255481203934,0.7985799728853552,0.3017021699378069,0.3744892399737874,0.5475957386123134,0.1540787996900847,-0.3478481794901982,-0.3550045820415028,-0.0467836332637189,0.0980152871305082,0.0555796886991676,0.0681912464013803,0.2113761172611789,0.1590756180903088,1
1.266885163732625,0.0526168338147641,0.5934600781195346,-0.7617366845999377,0.5846836357123366,0.3537936756647055,-0.4651692708985939,0.5982969666660707,0.9225531537685788,-0.0564149353347037,-0.13976056491366,0.0725182104435737,-0.1557950491698305,0.0598542739596614,0.0613962554405564,0
0.1976347489203484,1.0689901722771442,-1.0636085535990625,-0.1523095215630863,-1.0843981152080182,0.8629796021224487,0.078856805083494,-0.062560065631594,-0.295959639663941,0.6642841976254696,-0.2740079428640468,-0.1342242616946155,-0.5710646160182613,-0.3896338261350792,0.0215560420386266,0
-0.7871023640131786,0.5780359864037741,-0.2020780232097836,-0.0289847895403152,-0.1190090098277205,-0.707845246687099,-0.6110754301943486,0.8647654261237572,0.5998177866551373,0.1609217049866041,-0.9538346402332026,0.4458427852482697,1.1964018546627555,0.1322064909890917,0.0800529142380802,1
-0.1062339334747689,0.2548302059936028,0.0783302968108839,-0.5858745693709309,0.830308063757512,0.0693904879150582,0.3879203227282889,1.0488560100858288,-0.1401188437503104,-0.0192221229963933,-0.0680580993549141,0.0956324644586823,-0.0592077489348307,0.1518301165441564,0.5965811830048613,1
-0.6377408103777563,-0.2380808620668804,-1.3255396289619308,-0.3020433166901052,0.3054617607869379,0.0241774242710298,0.5519128179136172,-0.1761949777196158,0.4384696789936314,-0.1277162089175666,-0.6148934479096937,-0.4459905522316123,0.5846852046768991,0.0725530360033375,0.0069811580936332,1
1.2446439185399578,0.8057569344254838,-0.1246713743729103,0.1382295352735646,-0.27678516953536,-0.4189432416835968,0.2125078971228595,-0.5111587318343107,0.1477645794980664,-0.0969262700126363,-0.0359501765159633,0.0113383003786421,-0.0222395849935655,0.0651456286814348,0.0122457608404491,0
-1.5848395475093469,0.7128604992798357,-0.0033757806521537,-0.0222188220083908,0.0647772916483505,-0.0849836218421158,-0.0318737077331867,-0.1165511206130456,0.2259517138132613,-0.0145909566963512,-0.5342388134090666,-0.6044556975014729,0.6738173540114625,-0.1274879182906672,0.1406909767128222,1
-1.5416187262341396,-0.2491615515182274,-0.1320496458697436,0.522288730488089,-1.0701718236392108,0.558090477981494,-0.2408438310128813,0.2124822271142012,-0.5044716439333073,-0.4898352384461883,0.0997357061125985,-0.0296410604286732,-0.1403537904238908,-0.2095188863753625,-0.0045125433027546,1
0.1337808918983898,-0.506531567748434,-0.3025978406469639,-0.8908444294446556,-0.2568883667818042,0.6779720070267656,-1.2053532573757026,-0.3778055004436445,-0.496656227642593,-0.1092702732684467,-0.4526788941413223,-0.6415518906002536,0.6248136102857365,-0.0108456598897264,-0.0778970566884676,1
0.7113197054640027,-1.3773797713149143,-0.8498513770719333,0.1731169498122903,-0.0986088239414526,-0.1299324299658849,0.4374544843661512,-0.1451479363453815,0.0938878050996332,-0.0799733275454543,-0.0592193344649352,0.04069641085982,-0.0577617198795685,0.2535500156605654,-0.3033844218129461,0
-1.141575523729469,-0.7975754680749949,0.4687773700951267,0.1053020112048238,-0.0400114512405796,-0.6942711323396129,-0.6498369886467892,-0.371291643140882,0.8558495751065598,-0.2857948780198819,-0.0111235849721733,-0.0931102729673154,-0.3317311865726489,0.0610036456793001,-0.3070415776626701,1
-0.2048535015498422,-0.7303902404811955,-0.8242907074738829,-0.8386665294141011,-0.3815194407242953,-0.4162064199266551,-1.1093636000827254,0.2748600522772685,-0.455703793087603,0.1887623748008507,0.9354177017546786,-0.3260192949285664,0.231734364790131,0.2032678633495959,0.0105778382182791,0
-0.4090221707457633,-1.42435127638544,0.5327532333793747,0.6814817037390316,-0.3009889085360778,-0.1981271780794727,0.084302097456013,0.0364702844143031,-0.1408039706374175,-0.1849118591988485,0.0700890384921971,-0.0143988171155486,-0.0157588960428563,-0.200244618993957,0.1157495268575302,0
1.5590438243245837,0.1302945241658285,0.4454874291299487,0.1104746471824124,0.2872923866195802,0.2708976957805429,-0.1014584475663505,0.7241575232764779,0.00917921972678,0.0082911793554597,-0.1616007266697694,0.0182997875215071,0.0433405204580086,-0.0149296547098602,-0.0627489057011572,0
0.7546525766494053,-0.2618258636877972,0.1591662425744582,0.5692180290700596,0.0978995241413248,-0.1839671236883719,-0.1285353533128988,-0.057143623465289,0.1718903172739331,0.2800145400340437,0.8192278535657408,-0.1949517309338297,0.4713380369463265,0.2971900614035982,-0.0689062772988029,1
0.8409615447611937,-1.003717075949381,0.8034868739246087,0.3325157436361011,0.3866259857350352,0.5025837503312045,0.1564296287471518,-0.357213465061947,-0.3821265496195163,-0.0979135904527139,0.0791795429592731,0.0688335033192462,0.0025000931550116,-0.1512797475993755,-0.1620481746466039,0
0.4128813978503788,-0.041724912948667,1.4305665580789508,0.2211685021132912,-0.4144103278710532,0.109386705685878,0.2039342331655935,-0.1016632775596652,-0.0937806354584731,0.0188163479773416,0.1109397733463682,-0.0067165408540756,0.2432477135618513,0.3891361128808214,0.3197161052696428,0
0.1597019079766389,1.213216556481919,-0.491792953228454,-1.518047422175543,-0.6197068296818755,0.4086142650717464,0.2249417705822027,0.0669156321452791,-0.4787783790117749,-0.1242647448109693,0.1233225866876122,0.0770495083735898,-0.0831279612736103,0.0059987167783316,0.1579645437982483,0
0.8857040542352584,0.523731550639851,-0.2408488134820591,-0.2842284541310156,-0.0029065376044857,0.9014235081517084,1.2250925146169918,0.0447311765289062,0.0583988199842501,-0.0194793056244544,0.0181553859413588,0.2023174460463339,0.169408358238386,0.2829110198016245,-0.1500172368539353,0
0.0350976419114218,1.2392892161399285,0.2722698443605527,0.4107391861566715,0.4870660877619888,0.670488628102649,0.2274714925636767,-0.3675718220303695,-0.3769285088731038,-0.1624910228850333,0.0914463698605398,0.0628463968976655,-0.036640709051861,-0.1812461047618647,-0.111181826981339,0
-1.769018972286423,-0.287712079067386,0.0611975341660229,0.2012466693228288,0.1094244226615264,-0.066732179878341,0.1977633996674912,0.0011398807058058,0.1778839847457942,-0.2639768216145159,-0.5031982745697295,-0.4906708958576958,0.6350394637976381,-0.3658775658708186,0.1597011135363241,1
-1.867022558434273,-0.3189132048434253,0.1424991971319332,0.0717418770188094,0.1534756404494142,0.083246478777513,0.0019486376346487,-0.0673234822750403,0.851470665046991,-0.2334640027862977,0.0130123755080442,0.0043462404385798,-0.3071458002031313,-0.0170707160367696,-0.046063543785341,1
-1.527582228335485,-0.2332508126297867,0.0142155183631461,0.9332311788770126,-0.1541470127773088,0.0113546189671209,0.3625763458576372,0.0883835168391017,-0.0967998784179824,-0.2572196641757026,0.0458000161012032,0.0057466582664448,-0.0577527854158426,0.0350594439685724,0.0208890483475187,1
1.1803430505028802,0.8470650135584568,0.2538143656859664,0.4172655839966827,0.2258259896248624,-0.2716220818689017,-0.4674127492838462,0.4846176702585802,0.0683038723263153,-0.0985128988361223,-0.190112405680822,-0.061074138255268,-0.0249495101453556,0.2279672791496788,-0.0307204648405092,0
-0.1743868382466351,-0.4248510573258093,0.4924011755811808,0.4338484136237135,-0.3435982461968348,-0.2045223652284586,-0.142659082046068,-0.0506589650436294,-0.1172920292847812,-0.0387989822289478,0.0853242277344869,-0.0909169179310408,0.0629450292661692,0.1664769768759565,0.187478735606661,1
1.6467716634589813,0.0985951948895279,0.0793835280660201,-0.1525150488415803,-0.217288177321665,0.1163434210547234,0.5861201572490473,-0.2589251496295719,0.0629827502202362,-0.0456181389203529,0.0014093725377138,0.1098002203222351,0.0403341007247493,-0.3049098389281254,0.0120527641133532,0
-0.9075983717129602,0.8653650413103102,-0.4577839288676475,0.71777375079871,-0.4101255626408297,-0.1907116183995283,0.2441301592633078,0.5493018347982952,0.3936532089618101,0.2573110387159107,0.8282304365761329,-0.2441047558253661,0.3779740821480463,-0.4357530608952783,0.1114155166714395,1
0.3810192927299777,-0.6147849127739643,-1.0392477338801769,0.5681853213325986,-0.1741191728343214,-0.6719225144377434,0.0919005818443305,-0.3755798288860102,0.1582555505249566,-0.1871547780411541,-0.0765677039399775,-0.0431794813238571,-0.2310100587791786,-0.1603879877987099,0.1678862148314437,0
-1.2220194788886198,-0.0520121725155859,0.1690713646427518,-0.9054701307705586,-0.7622430681704895,1.1932450024963224,-0.4625435771596592,0.2475024478414026,0.3731320405852031,-0.2962819327647429,0.1742488426637871,0.0288629699117446,-0.1679518556896085,0.0725577502202605,0.3321244376333165,1
0.394307942672231,0.7116088365073816,0.6856859711058537,-0.714415247964794,0.6538651635722075,-0.578649144991163,-0.4480252274507045,-0.529748076454007,-0.5482140346570668,0.0470631165073496,0.1322552033289779,-0.0731942113039355,-0.1111591793839116,-0.0952130904863805,-0.0091451880638062,1
-0.5127544293678225,-0.1548870236045361,-1.0859247895983302,0.7385937155674781,0.3807623273066306,0.2611618866192899,0.1812427162134089,0.3097033923437398,0.1253605327914474,0.1753960113828004,0.8315152390581012,-0.1646620146527149,0.2913457413835137,-0.1270989432459462,-0.1576255817056996,0
1.5898844462315314,0.1489231923240124,0.456731694251074,0.1246925519734686,0.291164698729635,0.252406978442061,-0.0988823117458714,0.7316655924675833,-0.0159085720884557,-0.0551341483454479,-0.151427673193787,0.0423834063277863,0.0210374186778458,-0.1899780473401593,-0.1468847985457113,0
-0.4070766287363108,-1.425373037893083,0.5343545285518706,0.678744023310564,-0.3003155088205966,-0.1979251980579984,0.0844639503934344,0.0380733944075417,-0.1427469264794906,-0.1918898577391011,0.0717794453651879,-0.0125421186220524,-0.012171328321093,-0.1849624617670773,0.1077048720816588,0
0.1569342620842382,-0.4838202321348445,-0.0297273505432775,-0.5634383910377028,0.7030461026243862,0.2677389819844106,-0.7715162858151746,-0.5214210769971042,0.5182953743490056,-0.0462106702371251,0.0600438470132004,-0.0518203797120846,-0.27283017430418,0.1182898894939334,-0.0680893118857367,0
0.4592945879667445,-0.2936340104862244,0.6036705022255419,0.6349539245058456,0.3194963061302045,-0.011634345671849,-0.2096808931032827,-0.5962638824538058,-0.287522911879404,-0.1511386513791667,0.0616925017600463,-0.0318702958727692,-0.0641686187401336,0.1603699433986896,0.1276854663424014,0
0.7083591895757385,-0.9562927150328068,0.7667486289758788,0.1866975906098306,-0.9064951558819072,-0.2733393697657726,1.0737423080755248,0.1367312607038858,0.3572897793234757,-0.143982313255314,-0.0345414561504441,0.1358777567531497,0.0994323802804371,-0.3384951824667522,-0.0692345909754318,0
1.3599417584078903,-0.9494465148706988,0.1024499625430488,0.0146321963309839,-0.161200406104331,0.1544185751344111,0.7974606928253642,-0.1885468255144308,0.0984747392547875,-0.1014433412902898,-0.0254593416558027,0.1396789158367225,0.0241784994448419,-0.0985555895064024,-0.1956658849688827,0
1.656343193425306,0.1072300971162071,0.0815889722464917,-0.1513035868030024,-0.2075948710901782,0.1002335461676852,0.585489161896863,-0.2632889160634684,0.0595913631282571,-0.0676974198763157,-0.0040517079597922,0.1108332443931036,0.0144965894464749,-0.4077250969735143,-0.1563632848043119,0
-1.600941560715366,0.708659342432209,0.1238169939662804,-0.1329090691719677,0.1102239224180355,0.0313887745352239,-0.2142596296563662,-0.1420078370435265,0.8001654823034653,-0.2060164005699977,0.022996604615902,-0.0229402046712433,-0.2528187064786488,0.0078166634040058,-0.1827987544497428,1
-0.4683818092316252,-0.4834288482017038,0.638938060523535,-0.4055631175805061,-0.0288148853681755,-0.1631321029188487,-0.4978157682424933,-0.1949725726585864,0.7899659526358638,-0.1164354890207589,0.0640119517060122,-0.0569409517923393,-0.2212204439929534,-0.1617748360884983,-0.0372622634384006,1
1.602119879772903,0.160434671285661,0.4557467346682452,0.1552165440334204,0.2814317288600434,0.2625302789408454,-0.0911159635029975,0.7367910782033241,-0.0088836787251643,-0.0398515793143716,-0.1445884597029022,0.0375627439417809,-0.0049410263814608,-0.3723018894258917,0.1081691404748943,0
0.7181639744893142,0.7508294545959426,0.5761841946490992,0.4527899179118076,0.2784512045100411,-0.0850729613969418,-0.4292451182777449,-0.6865609690825529,-0.3382988411518199,-0.101137251121763,0.0539427268218088,-0.0626413509798967,-0.0526736053219609,-0.0104356546218123,-0.1396500191553206,0
1.2804151384975553,0.0147667558607763,0.177886530425247,-1.3860691279879669,0.1571766484731652,-0.3386648758718629,0.554481809495688,-0.1053654802472878,-0.1107948837824327,0.1710185528265063,0.0849306970243336,0.0771139320938887,0.0694839863588527,0.1899113295783141,0.1996537702442156,0
-1.1547632622601944,-0.7444564004821949,0.4370204582262181,-0.179536307425992,0.0238848353934095,-1.2763542876596368,-0.3116188588156281,-0.0768206624488471,-0.3036524528316859,-0.1140940413941443,0.0730064618842807,-0.1097466964023414,-0.1614247797637001,-0.0735051715329265,-0.2079410295358413,1
-0.576409682391227,-0.3580936734602439,1.3628504679862654,-0.4025442304975511,-0.0356144443756611,-0.9677728456256656,0.0266901615730582,-0.1457666779070323,-0.248279610781157,-0.0123413979809312,0.0879022544191996,-0.0481843113603218,-0.0138389735730889,0.1280495123806189,-0.218822959838538,1
0.782388237071532,-1.3448717300470454,-0.8294490427923144,0.2192482719807457,-0.1097117966522056,-0.1225041672294495,0.4529511049821846,-0.1147258187443492,0.0716641442420354,-0.1621524452378147,-0.0152387546527741,0.0726864570513571,-0.0947729334790363,-0.1024285538606673,0.0779076667599287,0
-0.3727396383730276,-0.9831803843093024,0.4838383891421849,0.5379928026361249,-0.327927218799618,-0.167494790191382,-0.0254101883010522,-0.0395162452865551,-0.0979028387038327,0.1145625720741669,-0.0155103265487073,-0.0830586016141216,0.1341790657891912,0.4199193211343885,0.4126808625564021,1
0.6677063565159924,-0.2836021656862605,-0.0787727351274734,-0.3986378385416343,0.0316371569804549,-0.4852351579779582,0.2449084842659158,-0.5583530669999255,0.452177893814401,-0.0756253434097491,-0.6453687109030918,-0.4530148296262912,0.6388377412006825,-0.2063765064329073,-0.2009613859493555,1
0.2521310308190566,-0.9894673147737766,1.2351792779549349,-0.7640766949399198,-0.0238148178636963,-0.6192178882075168,0.3505437861825119,1.2646289637581964,0.0827804065064566,0.0780859146665181,-0.1333632121936281,0.0428527571587998,0.1143840140882045,0.2780117265694328,-0.3052504419542743,0
1.2862558915222673,0.0318109676755072,0.1771480671247175,-1.3557133215799322,0.1478794891652506,-0.3487579020548551,0.5556246670728058,-0.1053155922293837,-0.1273342977658322,0.1678427420633247,0.085834433450714,0.0925468310867056,0.0521379515128616,0.0212442063913412,0.2702518157491147,0
-1.1740523171391857,-0.7983564249391164,0.450097174296258,0.1327146256594539,-0.0549101962302954,-0.6797104360041484,-0.6483588518806789,-0.3841961157640839,0.8822338545143327,-0.1889822128058962,-0.0285275545095363,-0.1204638044993204,-0.3470315299620557,-0.0075789164838597,-0.0656086970329607,1
-1.3473522926672028,-0.0835031259279753,0.3030429399164502,0.4528387690859721,-1.2265347162609983,0.8242544022589899,-0.0928720697192565,0.1382166616246269,-0.471071244952556,0.6645631242960769,-0.2449895388345116,-0.1996429493593905,-0.4513754227933131,0.0529741688012995,-0.3043527344621294,1
-0.2641227445025041,0.1959805735494603,0.2886077099728783,0.6056157845315776,0.5290082806178718,0.7142554098963139,0.4421848068750321,-0.2990426762346683,-0.3418325445213683,-0.1805255201533931,0.058909750388186,0.0899339001109751,-0.0580552010505744,-0.0638669161636798,-0.1273440867146223,1
0.9983364608299408,-0.2668788196956804,-0.4725802938136385,0.3091292666576742,0.3468212844200522,-0.0151185050274613,-0.4393911205134532,0.8080188694932708,-0.0381912893540614,-0.1152500465748305,-0.1500968752996299,-0.0389122008921821,-0.0726300972691205,-0.0446778415192249,0.0908995224909396,0
1.1990116353072595,0.8634949714510931,0.2601857257574382,0.4485928162847873,0.2248625016424239,-0.2835281152600419,-0.4580079180688637,0.4891554139467552,0.0533544169436821,-0.1288023971641418,-0.1929142456074483,-0.0554626721895775,-0.0614103399815482,-0.0306954002455767,-0.0013046451441665,0
1.1965796017847978,0.8706293783850076,0.2582300123711313,0.4528026340060128,0.2269241466837327,-0.2975800248670551,-0.4619016276515831,0.482938493542547,0.045464425385634,-0.1322356092077063,-0.1989488449376769,-0.0485945238825313,-0.07117122855065,-0.0779521228320254,-0.1202755463056977,0
1.5827668244470048,0.137671130395556,0.4586763445429206,0.127350177856132,0.2836132529168942,0.268470813706863,-0.0917935537557143,0.7393766430613735,-0.0152668674557502,-0.0459491410208922,-0.1512746669743049,0.0354786236577024,0.041160937088384,-0.134091132726748,0.0209216925173825,0
1.1106089005376445,0.0182131485111043,0.7777122427212014,0.1247846548254761,0.3351887320377369,0.4854764911008609,-0.0591814890776569,-0.4274566839779402,-0.395327118584735,-0.017762101537744,0.10833167899644,0.0219527266776155,0.060402278867448,-0.0563302979530319,0.0425847977295406,0
0.122858369149688,0.3035509400797098,-0.6679399570517209,-0.2770673557877914,0.4238455618535728,-0.4481718966165076,-1.0490051561512996,-0.222672822118335,1.0678492110448885,0.2838803367205129,0.8049410333818656,-0.3085619959970334,0.091211086763542,0.0184801552947572,-0.0281203925573798,1
1.5278384920759724,0.0284302042808334,-0.0963291089863538,-0.6493942925758096,-1.1279507385018048,0.666463220775402,-0.0493822076513738,-0.1711874980144607,-0.3203329495673426,-0.1583209171054875,0.0155305543833679,0.0517825529285864,0.0658220441988879,0.2125430697635772,-0.4479789423115817,0
0.0582987433455625,0.3070327675040101,-0.371874080685102,0.5894831770555601,0.3468746170645981,-0.3704671469439292,-0.7887781275306004,-0.6417398932353651,-0.3500993832860033,-0.0963468624764559,0.012138372058402,-0.1637119937231372,-0.107354513592435,0.4899560095167823,-0.3805454377840592,1
-0.314648855270174,1.1859891168411083,0.375531692057542,-0.7827145959226752,0.8697229568607694,0.1714117565095113,0.2006236473272546,-0.2222340974538266,-0.5811091498006433,0.0066362221932437,0.1544958746928954,0.0438403518970755,-0.0746761043254832,-0.0864458648486802,-0.1900991228034071,1
-1.157285772045563,-0.7437892162904982,0.4342518915586141,-0.1635580310848246,0.0216098808115361,-1.269410583280839,-0.3043032148585837,-0.077761849359482,-0.2910258787064561,-0.0910814491613236,0.0652784080654275,-0.1276720217926681,-0.1828002787443428,-0.1831319384891884,-0.0920916074954225,1
-0.2916542514227045,1.1533303437943183,0.4050460327283312,-0.4545126495779629,0.7839262665639666,0.7573731793427079,-0.1353712435384856,-0.5102835561028558,0.5630998531038756,-0.1524654820666311,0.0848741762630275,0.0822599067560512,-0.2532856144470839,-0.1262255581271871,0.01685526153047,1
0.848367157448953,-0.2160849049367929,0.1144037958405179,0.1785703428184347,-0.6464521461589319,0.3133606885298454,-0.871406342881012,0.6651138895592363,-0.2992008396653575,-0.3215545376067432,-0.1698816253441699,-0.0631989374741339,-0.1072878755740344,0.2821626129000641,-0.222586052331639,0
-0.977979746359256,0.5494370085569257,0.0825019096453467,0.7599841546188274,-0.3184637362033352,-0.4514867461983481,-0.3938416761646081,-0.2144542301436936,-0.0768701069989079,0.1269405789035563,-0.1657690552242418,0.9257615676263792,0.4156705351598586,-0.0093948942168179,-0.1879986888079133,0
-0.9623679928585316,0.7595797623590271,-0.5776494859053858,-0.5973810648723925,0.915211630443123,-0.0930900512201821,-0.1507053473384081,-0.1694873522210521,-0.5837970298283963,0.0519546600474286,0.1285815174712542,-0.057495117700206,-0.1532148671777736,0.1937104611335607,0.0460459713793452,1
-1.6049560351084415,0.738936803161216,0.0989646985513097,-0.4705498476657765,0.1873351836500225,-0.5307424855001242,0.1204593868621296,0.1611408455656313,-0.3394164519240885,-0.0560585269135775,0.1250048751998799,-0.0483035764036541,-0.044975086844773,0.1694182778873992,-0.1371887488865057,0
1.3440814832497008,-0.9563826608091456,0.0970836555758717,0.0171352190395331,-0.1665840142819574,0.1630407300747537,0.7984655695582368,-0.1912224634830237,0.1063897309982108,-0.0691699128547208,-0.0321641145933764,0.1292876026656045,0.0325385747626212,-0.0561115402153156,-0.1121066599124611,0
0.1545554532965181,0.354768510330297,-0.3512328606265483,0.6661478315810733,0.3402924612822608,-0.3565267140173307,-0.7599197201587886,-0.6100356394927613,-0.3448723147512248,-0.1684952020297011,0.0551988791640081,-0.1598385125725339,-0.2146012383861288,-0.1920320251189317,0.1700999175429127,0
1.0690551974470637,-0.3018391825798601,-0.8489121451112848,0.0367928180627564,-0.1519034213528567,-0.1720993873860159,0.2422420858657834,-0.1889583946789836,0.0360886328795599,-0.128807915518239,4.860033408382591e-06,0.0348830268902895,-0.0872226623232831,-0.2996343909826472,0.0618492931527969,0
0.7745528565542288,-0.0666804921767681,0.9121969631453763,-0.7607743016836545,0.6490608391616888,0.5368185695446245,-0.4313321121179205,-0.5831518233794433,0.5235667399851109,-0.0442423190434194,0.0821620568787234,0.0532073033479698,-0.1582162795548827,0.0384885444127445,-0.3018796290315523,0
0.8346225827906036,-0.8971334166376727,-0.8660763538381578,0.0467721484578378,-0.1176399754350023,-0.130426116381622,0.3321704440474107,-0.1924163053676637,0.0766281411002102,0.047440124510347,-0.0994337694881263,0.0400514738767152,0.0655729482506564,0.5857057085035242,-0.1204898178950113,0
0.8829981967698769,-0.2056670962410512,0.2707837852081186,0.585343871562589,0.2664447962461327,-0.2142785131097129,-0.2603767159857596,0.5582833630390405,0.1086295520292325,-0.1174207934370732,-0.203664358303998,-0.0247834407525978,-0.008857912199981,0.5651710689786398,-0.0024861928421211,0
0.4641775241879251,1.321683904683307,-0.0587480985076697,0.3556759590278818,0.4377460775388327,0.4781199216160405,0.181467661188446,0.7903718858819724,0.0331473788163036,-0.1272774516796028,-0.1720779177645324,0.0558618324011182,0.01306873382142,0.2258215830085806,-0.1841540048014282,1
0.7138206555311861,-0.3485985997289491,-0.7463169203648446,-1.1319748199100497,0.2228484178924248,-0.6773820744863115,0.219961373569999,-0.0439169863070051,-0.1819178330850277,0.0441483732322011,0.0543322125281591,0.0203626158762305,-0.1337999336159498,-0.3227500464708506,0.03847698332189,0
0.93558323863037,-1.0145138572217194,0.4620938703363988,-0.9826405691027428,-0.2883868916361182,0.93775816331137,-0.8543575082175932,0.7862714214832587,0.542119203174764,-0.3023390990955981,-0.1331375020470154,0.0619515691489201,-0.2471479759311411,-0.0086118685356905,-0.0892989233780156,1
1.4279512265285046,0.0525000028451961,0.3296307917735956,0.0496028393765077,0.1173687794988366,0.3378524920847116,0.021165516687447,0.1145237722846837,0.1068221021206677,0.4400378821369181,0.8885725621789954,-0.1610708521100448,0.5736905322012806,0.0742563581730324,0.0506379862541614,0
1.2557883078501448,0.8139528424349025,-0.1205294262332917,0.1531895035890723,-0.2754124001882556,-0.4259303179099905,0.2180563787056244,-0.5087088397858903,0.1406679148415015,-0.11646982267005,-0.038240954804456,0.0126620250110187,-0.0437781186685479,-0.0760160871121297,0.0084019234804504,0
-1.20857069887853,-0.766113834019615,0.4038369348378587,-0.1915249371478099,0.0132147881994112,-1.233298015042594,-0.3205556161977547,-0.0996290490996718,-0.2257040143676403,0.0581852075630791,0.0601363662478382,-0.1689844767466712,-0.1556297837288698,0.1391106488465808,0.1035062698855405,1
-0.9756522772773876,0.5478665321224515,0.0856584587151526,0.786482500314302,-0.331718737786168,-0.4342610997768166,-0.3804829966216814,-0.2030600081148917,-0.0787838636494137,0.1353940797310846,-0.1638430815383363,0.9191054945038332,0.415496490203733,-0.1074302134636359,0.1097540176311341,1
-0.5821368974691701,0.2926799862272876,0.1415880804552501,0.3544206404758532,-1.3202101815469445,-0.2220008291605153,-1.1167645299167706,-0.1859443424976396,-0.4610785696844075,-0.3379985566627749,0.0882824632133282,-0.2133788855149805,-0.1330158274275623,-0.0308581091042553,0.0654236700614523,1
-0.1825630089579591,0.5539007263485578,-1.337786497274983,-1.2845372829496848,-0.6812011402963527,-0.3074258694869686,-0.6544801556832787,-0.1018671103245083,-0.4607145745554964,0.171092620467503,-0.1424014636231305,0.9432949442795238,0.2287581073291187,-0.0332999659969677,-0.0236091785082916,1
0.0436366796897821,1.2342583691646118,0.2722694198620279,0.4161680016528363,0.4712562574210714,0.7046620052327093,0.2317107925660699,-0.3533175369484656,-0.3624504493909504,-0.1383919338773037,0.1167748293309602,0.0614989936409237,-0.0135178445452083,-0.1085262941754444,0.295756894502986,1
1.243314189098249,0.8129736571726871,-0.1246371922984394,0.1544993662610291,-0.2805662365015127,-0.427915128175713,0.214103151592273,-0.5123469290914247,0.1352266853958328,-0.1011652914136755,-0.0415245631124824,0.0183006673177909,-0.0308916042704905,-0.0268529988848004,0.0042142852961659,0
-1.3010209171193208,0.114290498726339,1.0392308161673465,-0.4468177417554501,0.16030448924721,-0.1864539436834084,0.6789605706199819,0.1611424552840309,-0.2518919890749216,0.031193378363314,0.1143151524391437,0.0481220172741436,0.0218224773276668,0.1160507241842228,0.0272220937941499,1
-0.0284410129726168,-0.0869758111846343,0.3634610262309173,0.6011626614472133,0.3867625293139354,0.3473280348744412,-0.1073799230687103,-0.5240810239692453,-0.2537184754332718,0.2570734343889402,-0.1527428957996804,1.0316976177414086,0.4629257565214069,0.3864611706051987,0.0979689818407938,0
-1.5775841269266415,0.715750716760333,0.129863731766844,-0.1149323816823705,0.1021505100276723,0.0463721681791226,-0.2059392671425045,-0.1282204520801681,0.8012902258300207,-0.2194047438451183,0.0416899765184674,-0.0192186105286647,-0.2610941671612092,-0.0970778861971992,0.0809596903272754,1
0.4693247923738343,-0.4018170348899629,-0.1755349321627425,0.2743064812593873,0.4102991014953259,0.1847683471729582,-0.4251028537214,-0.3925076597960538,-0.3959473461343867,-0.009074392238606,0.0710370818520559,-0.0769551667926498,-0.0453264805586856,0.2478867270452557,-0.2826626252032789,0
0.7392879621341732,0.7148437818589815,0.2754513274801058,-0.4686870091560394,0.3603898174257994,-0.1631349038906863,-0.7038621945976798,-0.2760608198852111,1.073328007711428,0.29422179644121,0.8340077728183296,-0.2042710432680209,0.2232969488992134,-0.0234811075753428,-0.062709484118563,1
-0.5157862014318605,-0.1781749537128316,-1.0814298241724578,0.7101221818178202,0.3678349526923408,0.2969329879314211,0.1796182143405194,0.3276452939714026,0.1269604090884599,0.1781402667260525,0.8596667895148778,-0.1543564215736178,0.3669641013310239,0.2166746881435955,0.1180221045938778,0
0.4235061259770428,-1.4099293255639709,-0.7254199545836563,-0.9795842523163965,0.2666952158411437,-0.6080398661710908,0.4286359538693209,0.0361706711482163,-0.132736401355505,0.0160996824550571,0.049881325186845,0.0514593857464094,-0.1053584434387109,0.1029752066454006,0.1119212118599359,0
1.053709631963641,-0.3093813635579023,-0.8517473791068887,0.0365535653397016,-0.1592520877143182,-0.1658257022754123,0.2417318123822571,-0.1888436145686271,0.0327308726332926,-0.1102842552247063,-0.0031567009060649,0.0355761687569801,-0.0646608785213754,-0.2141602222510596,0.1270881040470628,0
0.5786104901171351,-0.219854482219088,0.3837448160597732,-0.5374791679035607,0.6347301182604603,-0.722280573026159,-0.2718672611263946,0.7181964978584032,-0.1204553132980822,0.0095798261554636,-0.1250219534585397,-0.0215887797292643,-0.1091541520222533,0.1663405344492755,0.2145621878852364,1
0.4967641153851029,-0.3913106543938681,-0.1629741336561627,0.300647029264888,0.4004789688989187,0.1891665075559414,-0.4138417672810227,-0.374017163953122,-0.4187942421784588,-0.0554707321761889,0.0877526408824486,-0.0580547776548557,-0.0482326068235807,0.0982755191320972,-0.0714069736587692,0
-1.611733787236525,0.7444351607623656,0.0863935866362297,-0.4453523325020235,0.1900894251118503,-0.5211364115059298,0.1289937577477783,0.1487316560131215,-0.2954578054548875,0.012591161773203,0.1060733458199308,-0.0948844717767623,-0.1089630169828222,-0.0676218390996364,0.0018906735974103,1
1.2575298814142593,0.8076358025009147,-0.1201166430178902,0.1459863834254188,-0.277284369289126,-0.4124211205868025,0.2191763780497614,-0.5041680624505525,0.150270845455431,-0.1089658893120746,-0.030413029071982,0.007549166673225,-0.0324781862519429,-0.0077928753442154,0.1132287124808792,0
-1.363894054411224,-0.5057515226143801,0.2959994662461769,-0.6615498856532752,0.271527134439731,0.0366780086703887,0.6036494208674006,0.4248024082281876,-0.3912513310272207,0.1258028984753934,0.087053668506532,0.0684998082538725,0.0540671863574674,-0.0489584782588473,0.0563843080509481,1
1.215291821157984,0.8826154548066969,0.2598906146284506,0.4714538736044514,0.2195577012278944,-0.2902928502526385,-0.4588912597911017,0.4900045226034261,0.0466838001519084,-0.1353337621033616,-0.1832953970913769,-0.0416668230767965,-0.0852476984112244,-0.1919699852490577,0.0728390989288922,0
-0.3212217802775001,1.1730341501372397,0.3709623427928179,-0.7932904685145618,0.8534427852098749,0.2068000281267825,0.1976618688171796,-0.2128056878778955,-0.564717643672525,0.0477134059266685,0.1781656749437378,0.0442977674983571,-0.0281180525025473,0.1351625484506456,0.1569281718632675,1
-0.5067116411580604,0.1549090946326503,-0.1004492011397865,-0.0563135438222875,0.5487819890591707,0.1933577434333447,-0.560662161941795,-0.6799716225500314,-0.0062635332595321,1.428032372872956,-1.1233790821081433,0.2839253264138888,0.7037339773113187,-0.1619621483706964,-0.0325559851012151,1
-1.2342283537138372,-1.3218651245653694,0.2776549687055353,-0.6348895779975088,-0.8541577577797836,0.8051815412719678,-0.7811262642745942,0.0920567373533828,0.4368307149669583,0.0117807898411303,-0.0878088855573965,1.0298909122286868,0.2174336244966315,-0.1121281463064799,0.2744785797191428,1
-0.1108591345512244,0.9281979291062716,-0.9880291254157126,0.555655054144868,0.5005007784188473,0.1859395220496447,-0.1625122067030161,0.8594182304233091,0.0028008636086696,-0.2091197619869589,-0.1730211847987942,-0.0148094677350692,-0.1239150431874114,0.1640293846982102,-0.1126658636683058,0
0.2144503422392565,0.3038526480263271,-0.0299527206220846,0.5711786213092919,0.4789918428529491,0.5163301121026309,0.3999661014888754,0.8736331146407397,0.0530741922993075,-0.2078580462829994,-0.1752629486614013,0.1094437834245622,-0.0379280908260965,0.1251228161708765,-0.0958945914947528,0
0.873516969498742,0.6556923889125248,-0.2174366318390398,0.5894305659887861,0.1312513422317303,-0.3080351414228232,-0.6494368672787455,0.5048237841350915,0.0411099709251844,0.8676746262387028,-0.5009823860829972,-0.2672761594161437,-0.5245452099995394,0.0235022972399594,-0.0936552324740779,0
-0.3435982996284821,-0.1709293714120684,-1.3490114456246882,0.4459299528568082,0.038452134468441,0.1059769924560761,0.7298509144349883,-0.0598684838732677,0.1329888695065612,-0.2178326223032622,-0.0335279019007763,0.0809066525672316,-0.1088616877558382,0.3268591996505321,0.0459480659482263,1
1.5516880154311985,0.1132113933568493,0.4460397212429657,0.094161278397072,0.2866974828781274,0.290667904024662,-0.0981869560279971,0.7292891526206756,0.0234020592649896,0.0225604117906221,-0.1591351296524852,0.0037429696126392,0.0668689821649555,0.1283252482715867,0.0416807914430419,0
-0.7167779533557763,0.7613171240725025,0.5299347130307664,0.7641419740603957,-0.490320737847434,-0.1843238633038211,-0.2294252661121898,-0.2671507097654284,-0.0589373995033626,1.2313701120831066,-0.47626356188599,0.7803036121077258,0.0318900215200057,-0.288173364974641,-0.0536363177475531,1
-1.3031583909985345,0.0737605080190606,1.0582025201822027,-0.1345519403068338,0.085589182861118,0.3908862579808143,0.3368765957466658,-0.144961908960644,0.9119347876716072,-0.0889350777910948,0.0211689074386301,0.0633499980729381,-0.1685869855301681,0.1323992967809235,0.0138306703554688,1
-0.1610457540508483,-0.4135419882510287,0.502120943163429,0.4320580345693299,-0.3337747859160614,-0.2366418899553312,-0.1458647665209288,-0.0509816425125425,-0.152357427937907,-0.1062929156217494,0.0815638726122474,-0.0635794551134693,0.0565176833511503,0.0966622293252119,-0.1245193889765034,1
1.2160596330528275,0.8812378728312935,0.2581815034195095,0.4610460560334167,0.2219883508133122,-0.287946115467762,-0.4629588279154016,0.4883271975549288,0.0541131837303285,-0.1300802323079711,-0.1787173491465326,-0.0424106585661344,-0.0815900897915225,-0.1349663379525725,0.0513230617361557,0
-0.9617986901645712,-0.5773319461471884,-0.5743105124294036,-0.4663924746432215,-0.1734053511832625,0.6517059817243682,-1.4226755425081996,-0.477554463352476,0.1899249586718607,-0.0937264384795756,-0.1245509375273335,0.9841209722097294,0.0537116450854953,0.1456306071245832,-0.0304906413686382,1
-0.8722932807000779,0.0605797301998864,0.1923269614176998,0.3844211430293928,-0.1318831282317766,0.526331572350946,0.5097095467810937,0.2642491752129446,-0.1903474793017703,-0.1336078285037539,0.1075841516256465,0.0550227746241518,0.1019173815809366,0.0643388215194805,-0.0631189924769882,1
-0.2417932872577357,0.8768533821803772,-1.1027804891128203,0.5476178327547049,0.3375599233528989,0.2074718811535938,-0.0289548983110529,0.2363869143689447,0.0731707717552778,0.1980515117510748,0.8368676608220812,-0.197182789003184,0.3274855590105497,-0.2162998032237895,-0.2616628393577307,1
-0.9864264722638836,0.6903369699311135,-0.7109547229947276,-0.7268818400538792,-0.0741965053474625,1.0485995111735962,-1.105458895655992,-0.353621212981657,0.19597676850224,-0.2701449870458944,0.1013154368473926,-0.084848864551701,-0.3981429488442082,0.1982600356509012,0.0460502983698362,1
-1.6046643159591,0.7564850925051241,0.0892538512248942,-0.4462234240786349,0.1807312024441754,-0.5353236236125083,0.1163278205826832,0.1523815484710207,-0.3311116291055707,-0.0206023841260954,0.1253621032431986,-0.047554211996968,-0.0756212565890182,0.018241144300243,-0.0550457381831683,1
0.3983931862422366,-1.3314902591874844,-0.3417128847875481,-0.6551321203832717,0.7678910689635323,-0.4815048472511616,-0.2465837122718518,1.034815177748536,-0.227724665880194,-0.0239993684198561,-0.0941724439351875,-0.0017971143564494,-0.172947126884397,-0.1346306115701204,0.1110553643531278,1
1.261666739770778,0.8209883061090273,-0.1216665777925122,0.1678303557704384,-0.2850487861216217,-0.4192140131808502,0.2185307177440523,-0.5046269582351115,0.1389828968360812,-0.1077809257917127,-0.0277808308478682,0.0204968962732148,-0.0437342940624967,-0.1214038093118549,0.1749764667341558,0
